platinum_number,title,artist,language,genre
9183,! Ikaw Ang Idol Ko 9182 Cinderella Ikaw Ang Iibigin Ko 8515 Josh Garcia Ikaw Ang Kailangan Ko 9692 Anna Fegi Ikaw Ang Lahat Sa Akin 1369 M.Nievera Ikaw Ang Lahat Sa Aking Buhay,E.Peregrina,Filipino,
4359,! Never Ending Story 0892 Limahl Never Ever 6877 All Saints Never Ever Say Goodbye 1079 Nonoy Zuniga Never Forget You 11135 Noisettes Never Give Up 9879 Erik Santos And Christian Never Gonna Give You Up,Rick Astley Never Gonna Give,English,
3253,! Somewhere In My Past 8236 Divo Somewhere In The Night 1000 Barry Manilow Somewhere In Time 0538 Verni Varga Somewhere My Love 6238 Ray Conniff Somewhere Out There 0620 Linda Ronstadt Somewhere Over The Rainbow,Judy Garland,English,
8538,! Wednesday's Child 4168 Matt Monro Wei Ni Ch Chu Who 7466 Vic Zhu Welcome To My Life 8126 Simple Plan Welcome To My World 0366 Anita Kerr Singers Welcome To The Black Parade,My Chemical Romance Welcome To,English,
3731,"! You Were There 6458 Regine Velasquez You Will Be My Music 6045 Frank Sinatra You Will, You Won't 9968 The Zutons You Win The Game 8404 Mark Bautista You Won't Get To Heaven 44490 Dionne Warwick You Won't See Me 2798 The Beatles You’ve Lost That Loving Feeling",The Righteous,Filipino,
3416,(Everything I Do) I Do It For You,Bryan Adams,English,
7534,(I Just Died) In Your Arms Tonight,Cutting Crew,English,
7538,(I've Had) The Time Of My Life,Dirty Dancing Theme (Nice To,English,
1963,"(You Drive Me) Crazy 7537 Britney Spears (You’re) Having My Baby 3031 Paul Anka 1 + 1 11644 Beyonce 10 Guitars 6020 E.Humperdinck 10,000 Promises 3750 Backstreet Boys 100 Years 7814 Five For Fighting 12 Days Of Christmas 3298 Traditional",9109 New Order,English,
9670,14 ! D. I. S. C. O 9942 Ottawan Dadalhin 5915 Regine Velasquez Daddy Cool 2656 Boney M. Daddy Sana'y Kapiling Ka Sa Pasko,Father And Sons Daddy's Home,Filipino,
2012,2006-1 Opm Medley 8373 Various Artist,It Ain't The End 11732,English,
241,22 44862 Lily Allen 24 Hour Ago 8446 Cueshe',(My Favorite Song) 8445 Rivermaya,Filipino,
6419,3 I'm Coming Home 0679 Sentimental Collection I'm Every Woman 6418 Witney Houston I'm Feeling You 11221 Carlos Santana I'm Going To Heaven 7602 Nina I'm Gonna Be A Wheel 3876 Fats Domino I'm Gonna Be Around 0337 Michael Learns.. I'm Gonna Come Back 6574 Michael Learns To I'm Gonna Getcha Good 6575 Shania Twain I'm Gonna Make U Love Me,Supremes,English,
9470,3 Kahit Man Lang Sa Pangarap 5674 Vina Morales Kahit Maputi Na Ang Buhok Ko 0475 Sharon Cuneta Kahit Maputi Na Ang Buhok Ko,Richard Poon Kahit May Mahal,Filipino,
0479,5 Pusong Nalulungkot 7811 Sagisag Pusong Salawahan 5843 Mystica Pussywillows Cattails 0562 Kenny Rankin Put A Girl In It 11299 Brooks And Dunn Put It Off Until Tomorrow 4706 Dolly Parton Put It There 4707 Paul Mccartney Put Your Hand In Hand 3581 Anne Murray Put Your Head On My Shoulder,Paul Anka,English,
9365,5 S & M 11521 Rihanna S.O.S. 11269 Jonas Brothers S.O.S. 2675 Abba Sa ‘Yo Lamang 5920 Joey Albert Sa Akin Lang Sana 9750 Yasmien Kurdi Sa Aking Daigdig 1041 Sharon Cuneta Sa Aking Mundo (Dyesebel OST),Julie Ann San Jose Sa,Filipino,
7029,7 You 9631 Erik Santos You Always Hurt The One You Love,Patti Page,English,
6356,70 ! Together 8292 Avril Lavign Together Again 2932 Buck Owens Together Again 4377 Janet Jackson Together Again 5280 Eddie Peregrina Together Forever 4835 Rick Astley Together In Electric Dreams,Human League Toll Gate 8452,English,
9659,A Little Respect 9921 Erasure A Little Too Not Over You 9547 David Archuleta A Little Too Perfect 9244 Sam Milby A Long And Lasting Love 0273 Crystal Gayle A Long And Lasting Love 9801 Kuh Ledesma A Long Long Time Ago 1584 Odette Quesada A Love Affair 7540 To Remember A Love Song 8950 Kenny Rogers A Love To Last A Lifetime 1454 Jose Mari Chan A Man And A Woman 7544 Engelbert Humperdick A Man I'll Never Be 6658 Boston A Man Without Love 0084 E. Humperdinck A Matter Of Trust 7001 Billy Joel,Joey Albert,Filipino,
4397,A Song For Mama 5771 Boyziimen A Summer Place 0073 Letterman A Taste Of Honey 7547 The Beatles A Thankful Heart 7572 Chloe A Thousand Miles 7862 Vanessa Carlton A Thousand Years 11703 Christina Perri A Time For Us 2529 Donny Osmond A Very Special Love 7548 Maureen Mcgovern A Very Special Love 9437 Sarah Geronimo A Very Special Love Song,Charlie Rich,Filipino,
7555,Ain't No Sunshine 6164 Bill Withers Ain't No Way To Treat A Lady,Helen Reddy,English,
7428,Ala-Ala Ng Lumipas 5126 Ala-ala Niya 9600 Piolo Pascual Ala-Alang Nagbabalik 11651 Edgar Mortiz Ala-Ala'y Nagbabalik 7222 Henna V. Alab 6774 Hannah Villame Alab Ng Puso 7560 Rivermaya Alabang Girls 7561 Andrew E. Alam Kong Ako'y Mahal Mo,Bayani Agbayani Alam Kong Alam,Filipino,
7415,Alam Kong Di Ako Ok Lang,Bayani Agbayani Alam Mo Ba,Filipino,
5401,All I Wanna Do Is Make Love To You,Heart,English,
4331,Always 8263 Marco Sison Always And Forever 0246 Heatwave Always Be My Baby 3314 Mariah Carey Always Be My Baby 9394 David Cook Always On My Mind 5757 Pet Shop Boys Always Something There To Remind Me,Naked Eyes,English,
7067,Ang Bayan Kong Sinilangan 0127 Asin Ang Boyfriend Kong Baduy 1044 Cinderella Ang Buhay Ko 1181 Asin Ang Buhay Ko 7236 Aegis Ang Buhay Nga Naman 9662 Freddie Aguilar Ang Gaan Ng Feeling 1447 Geneva Cruz Ang Hanap Ko Ay Yong Pag-Ibig,Michelle Ayala Ang Himig Natin,Filipino,
8637,Ang Iibigin Ay Ikaw 6531 Lani Misalucha Ang Iyong Paalam 9269 The Dawn Ang Iyong Pag-Ibig 5928 Jude Michael Ang Kadalagahan 8636 Big 3 Sullivans Ang Kalibutan Kalit Mangitngit,Visayan Song Ang Katulad Mong,Filipino,
7318,Ang Sarap-Sarap Ng.. 6720 Maricel Ang Sing-Sing Kong Gasa 8640 Visayan Song Ang Tangi Kong Pag-Ibig 7110 Fernando Poe Jr. Ang Tangi Kong Pag-Ibig 9664 Noel Cabangon Ang Tao'y Marupok 7120 Rico J.Puno Ang Tipo Kong Lalaki 0763 Dj Alvaro Ang Umaayaw Ay Di Nagwawagi,Freddie Aguilar Angel 11672 Sarah,Filipino,
1319,Anyone Can See 6396 Irene Cara Anyone Of Us (Stupid Mistake) 11720 Gareth Gates Anyone Who Had A Heart 44356 Dionne Worwick7 Anything For You 3053 Miami Sound Machine Anything Goes 3054 Frank Sinatra Anything That's Part Of You 3749 Elvis Presley Anytime 0520 The Jets Anytime 7146 Janet Jackson Anytime You Need A Friend,Mariah Carey,English,
3056,Are You Lonesome Tonight?,Elvis Presley,English,
0956,Around You 7997 Tribe Of Levi Arthur's Theme 0593 Christopher Cross As I Lay Me Down 5789 Sophie B. Hawkins As I Lay My Love On You 6751 Westlife As Long As He Needs Me 0026 Anita Bryant As Long As It Matters 8487 Gin Blossoms As Long As You Love Me 4286 Backstreet Boys As Sure As I'm Standing There,Barry Manilow As Tears Go,English,
9517,Baby Ang Sarap 7444 Sexbomb Girls Baby Baby 0853 Amy Grant Baby Boy 7360 Beyonce Baby Can I Hold You 4283 Boyzone Baby Come Back 3329 Player Baby Come Back To Me 7160 Michael Bolton Baby Come To Me 0712 Patti Austin Baby Don't You Break My Heart Slow,M.Y.M.P.,Filipino,
3059,Bagong Sigaw 11645 Bamboo Bagsakan 11794 Parokya Ni Edgar Ft Bahala Ka 8316 J. Brothers Bahala Na 7621 Jolina Magdangal Bahama Mama 6399 Boney M Bahay Kubo 9904 Hale Bailamos 4421 Enrique Iglesias Baile 8826 Rochelle Ft. Gloc 9 Baka Lasing Ka Lang 9665 Patricia Javier Baka Mayroong Iba 4918 Jerome Abalos Baka Sakaling Mahalin Mo Rin Ako,Rey Valera,Filipino,
8649,Balisa 9866 Angel Mocatuno Balisong 7677 Rivermaya Balitaw Ko 8647 Visayan Song Baliw 11208 Kiss Jane Baliw 5941 Claire De La Fuente Baliw 7827 Mark Bautista Baliw Ako Sa Iyo 7765 Sheila Mae Baliw Na Baliw 9024 Join The Club Baliw Na Puso 4920 Jessa Zaragosa Ballad Of John And Yoko 0810 The Beatles Balong Malalim 9120 Juan Dela Cruz Balud Sa Kalimot 8648 Visayan Song Bamboleo 5070 Julio Iglesias Banag Na Banag Satungang Gabi,Visayan Song Banal Na Aso,Filipino,
9455,Banana (Right Now) 9765 Blank Tape Banana Boat Song 3331 Banana Q (Don't Matter),Visayan Version Banana Split 9485,English,
7134,Bayan Ko 3064 Freddie Aguilar Be Bop A Lula 0440 Gene Vincent Be It Unto Me 7173 Don Moen Be Kayen To Animals 8654 Max Surban Be My Lady 3770 Martin Nievera Be My Love 3025 Mario Lanza Be Still My Beating Heart 3771 J. Bernardo Be With You 7915 Enrique Iglesias Beat It 4365 Michael Jackson Beat Of My Heart 8461 Hillary Duff Beatles Medley (Stars On 45),The Beatles,Filipino,
7363,Black Or White 0968 Michael Jackson Black Velvet 3347 Allanah Myles Blackbird 0003 The Beatles Blah Blah Blah 11524 Kesha Ft 3oh3 Blame It On The Weatherman,B'Withched,English,
7364,Blaze Of Glory 44033 Bon Jovi Bleed For Me 11692 Saliva Bleed It Out 9350 Linkin Park Bleeding Love 9292 Leona Lewis Blessed Be The Name Of The Lord,Sarah Higgins Blister In The,English,
1408,Born To Be Wild 0820 Stephen Wolffe Born To Lose 7188 Ray Charkes Borrowed Time 8577 Cueshe Both Sides Now 0409 Judy Collins Both Still Here 9668 Father & Sons Bottle It Up 44681 Sara Bareilles Boulevard 2693 Dan Byrd Boulevard Ng Pag-Ibig 0115 Bert Dominique Boulevard Of Broken Dreams,Tony Bennet,Filipino,
2542,Breathe Again 1327 Toni Braxton Breathe Easy 7699 Blue Breathe On Me 8279 Britney Spears Breathe Slow 44809 Alesha Dixon Breathless 6995 The Corrs Brick By Boring Brick 11164 Paramore Bridge Over Troubled Water,Simon & Garfunkle Bridges 6921,English,
1476,Buto 9248 Scrambled Eggs Butsikik 7197 Yoyoy Villame Buttercup 7198 Chico Chikas Butterfly 5351 Mariah Carey Buttons 8470 Pussycat Dolls Buwad Suka Sili 8457 Junior Kilat Buy 1 Take 1 6996 Grin Department By Heart 5574 Laura Creamer By The Light Of The Silvery Moon,Mel & Lyr,English,
5053,Californication 6923 Red Hot Chili Peppers Call Me Maybe 11894 Carly Rae Jepsen Call Me When You're Sober 8481 Evanescence Call The Shots 9982 Girls Aloud Calling Your Name Again 11697 Richard Carpenter Camptown Races 3783 Traditional Can Find No Reason 5575 Louie Heredia Can I Have This Dance 44766 Troy And Gabriella Can Never Be Me 9609 Carol Banawa Can This Be Love 8063 Smokey Mountain Can We Just Stop And Talk Awhile,Jose Mari Chan Can We,Filipino,
4328,Can You Feel It 4443 Janet Jackson Can You Feel The Love Tonight,Elton John,English,
6997,Can't Get Enough 11397 Young Jv Ft August Rigo Can't Get You Out Of My Head,Kylie Minogue Can't Help But,English,
3421,Can't Help Fallin (Tagalog) 7070 Josh Santana Can't Help Fallin' In Love With You,Elvis Presley,English,
0055,Candle In The Wind 2897 Elton John Candy 11159 Paulo Nutini Candy 5786 Mandy Moore Candy Man 8584 Christina Aguilera Can't Be Tamed 11125 Miley Cyrus Can't Be With You Tonight 5874 Irene Can't Buy Me Love 2810 Paul Mccartney Can't Cry Hard Enough 1330 William Brothers Can't Fight The Moonlight 7483 Leann Rimes Can't Fight This Feeling Anymore,Reo Speedwagon,English,
8923,Champagne Supernova 3374 Chances Are 7485 Johnny Mathis Chances Be There 7625 Air Supply Change The World 0334 Eric Clapton Changes 3788 Black Sabbath Changes In My Life 6736 Mark Sherman Charade 2759 Matt Monroe Charing 8924 1017,1017,English,
4936,Chiquitita 1437 Abba Chivachocho 7487 Jolina Magdangal Chocolatte 7598 Parokya Ni Edgar Chocolatte 8099 Soul Control Chongmateungeotcheoreom 14002 Back Ji Young Choopeta 8100 T-Rio Choose To Forgive 7103 Nonoy Zuniga Choto Matte Kudesai 7832 Sex Bomb Christmas In Our Hearts 4935 Jose Mari Chan Christmas Song 6178 Nat King Cole Christmas Won't Be The Same,Martin Nievera Cinderella Medley 8043,Filipino,
3085,Come Back To Me 9814 David Cook Come Clean 7803 Hillary Duff Come Into My Life 9124 Marco Sison Come Just As You Are 9125 Claire Dela Fuente Come On In Out Of The Rain 7705 Sheryn Regis Come On Over 5798 Cristina Aguilera Come Rain Or Come Shine,Frank Sinatra,English,
9577,Cool Ka Lang 6815 Prettier Than Pink Cool Off 11673 Session Road Cool Off 8628 Yeng Constantino Copacobana 3089 Barry Manilow Cotton Eye Joe 3386 Rednex Cotton Fields 0063 CCR Cotton Fields 2551 C.C.R Could Be Wrong 7768 M.Y.M.P. Could Have Been 8591 Frio,Christian Bautista Could It Be,Filipino,
9611,Could It Be Magic 3090 Barry Manilow Could You Be Loved 4189 Bob Marley Could've Been 0999 Tiffany Count On Me 6551 Whitney Houston Count On You 9977 Tommy Shaw Country Road 4190 James Taylor Cowboy Take Me Away 6945 Dixie Chicks Coz I Believe 11241 Jessa Zaragosa Cradle Me This Christmas,Regine Velasquez Crank That 44619,Filipino,
3388,Crazy Crazy 11024 Pop Girls Crazy For This Girl 11713 Evan And Jaron Crazy For You 4375 Madonna Crazy For You 9847 M.Y.M.P. Crazy In Love 7379 Beyonce Crazy Little Party Girl 5288 Aaron Carter Crazy Little Thing Called Love,Queen,English,
9291,"Dahil Mahal Kita 1479m Boyfriends Dahil Mahal Na Mahal Kita 11141 Roselle Nava Dahil Minahal Mo 9737 Sarah Geronimo Dahil Minamahal Kita 6922 Scyld Dahil Nandito Ka 0521 Miguel Vera Dahil Sa Isang Bulaklak 1222 Ric Manrique, Jr Dahil Sa Iyo 1331 Pilita Corales Dahil Sa Pag-Ibig 6816 Didith Reyes Dahil Sa'yo (Sa Himig Ng Aking Gitara)",Hale,Filipino,
2914,Dear Mr. President 11380 Pink Dear Prudence 6407 The Beatles December 11235 Collective Soul Deck The Halls 7219 Various Decode 9650 Paramore Dedicated To The One I Love,Carpenters,English,
5956,Di Na Magdadal'wang Isip 5291 Jolina Di Na Mag-iisa 11662 Jonalyn Viray Di Na Muling Iiwan 6740 Maricel Di Na Natuto 1049 Gary Valenciano Di Nag-Iisa 8190 Regine Velasquez Di Nagpaalam 9831 Brenan Di Pa Huli 3095 Side A Di P'wede Kitang Mahalin,Girl Talk,Filipino,
9376,Disco Inferno 8266 The Trampps Disconnection Notice 9420 Pupil Discotheque 6189 U2 Disease 6926 Matchbox 20 Disney 11328 Tanya Markova Disposable (Irreplaceable),Tagalog Version Disturbia 9377 Rihanna,English,
0288,Do I Have To Say The Words,Bryan Adams,English,
2745,Do It Again 2916 Steely Dan Do It On My Own 6952 Whitney Houston Do It Well 44642 Jennifer Lopez Do Re Mi 0431 Julie Andrews Do Something 8207 Britney Spears Do That To Me One More Time,Captain & Tennille Do They,English,
0043,Do Wah Doo 11343 Kate Nash Do You Believe In Me 9038 Eric Gadd Do You Hear What I Hear 3463 Christmas Song Do You Know Me 11437 John Mayer Do You Know The Way To San Jose,Dionne Warwick Do You Know,English,
0052,Do You Remeber 3402 Phil Collins Do You Think I'm Sexy 0800 Rod Stewart Do You Wanna 3403 Modern Talking Do You Wanna Dance 0432 Mamas & The Papas Do You Want To 44816 Franz Ferdinand Do You Want To Know A Secret?,Beatles,English,
9674,Don't Cry For Me Argentina 5800 Madonna Don't Cry Joni 0181 Conuay Twitty & Ju Don't Cry Out Loud 5354 Nuntida Kaewbuasai Don't Cry Out Loud 8005 Rachelle Ann Go Don't Dream Its Over 6558 Crowded House Don't Dream It's Over 5355 Crystal Gale Don't Ever Go 5578 Eddie Peregrina Don't Ever Leave Me 0739 Paul Anka Don't Fade Away 1577 Acosta & Russel Don't Forget About Us 8416 Mariah Carey Don't Forget To Remember 2553 Bee Gees Don't Give Me Your Promise,Ariel Rivera,English,
8054,Don't Give Up On Us Baby 9039 David Soul Don't Give Your Love Away,Jack Jones,English,
0930,Don't Go Breakin' My Heart 3397 Elton John Don't Have To Lose 11711 Michael Learns To Don't Know Much 1338 Linda Ronstadt Don't Know Much 8051 Don Mclean Don't Know What To Do 1420 Ric Segreto Don't Leave Me This Way 3398 Thelma Houston Don't Let It End 8212 Styx Don't Let Me Be Lonely 4193 James Taylor Don't Let Me Be Misunderstood,David Soul Don't Let Me,English,
9139,Don't Take Away My Heart 7912 Modern Talking Don't Take Away.. 1557 Fra Lippo Lippi Don't Tell Me 6378 Madonna Don't Tell Me 7869 Avril Lavigne Don't Tell Me That It's Over 11169 Amy Macdonald Don't Tell Me You Love Me,The Corrs Don't Think I,English,
6929,Eternally 9467 Mark Bautista Eto Na 7838 Paolo Santos Eto Na Ang Summer 9342 Callalily Evacuate The Dance Floor 11144 Cascada Even If 1560 Jam Morales Even If 8909 Sam Concepcion Even Now 4197 Barry Manilow Even The Nights Are Better,Air Supply,Filipino,
3112,"Eversince 9676 Zsa Zsa Padilla Eversince The World Begun 8530 Survivor Every Breath You Take 0410 The Police Every Little Thing She Does Is Magic 3110 The Police Every Mile A Memory 11271 Dierks Bentley Every Now And Then 8285 Earth, Wind And Fire Every Rose Has Its Thorn 8270 Poison Every Teardrop Is A Waterfall 11705 Coldplay Every Time You Go Away 2756 Paul Young Every Time You Turn Around 9900 Daughtry Every Woman In The World",Air Supply,English,
9141,Everybody Loves Somebody Sometimes,Dean Martin,English,
0539,Everybody Plays A Fool 6410 Aaron Neville Everybody WantsTo Rule The World,Tears For Fears Everybody's Everything,English,
9677,Fighter 8219 Christina Aguilera Fill Me In 7960 Craig David Final Countdown 0919 Europe Final Distance 8171 Utada Hikaru Finally 44674 Fergie Find My Way Back 7871 Michelle Branch Find Out Who Your Friends Are 11313 Tracy Lawrence Find The Child Hiding In You,Gino Padilla,English,
0864,For My Lady 0863 Moody Blues For Once In My Life 0865 Tony Bennet For The Benefit Of Mr. Kite 3334 The Beatles For The First Time 0331 Kenny Loggins For The First Time 11450 The Script For The Good Times 2566 Kris Kristofferson For The Peace Of All Mankind,Albert Hammond For The Rest,English,
6931,Free Love 7920 Depeche Mode Friday 11614 Rebbeca Black Friday I'm In Love 8271 The Cure Friend 7494 Mike Francis Friend Of Mine 1487 Odette Quesada Friends 1540 Nonoy Zuniga Friendster 8786 Moonstar 88 From A Distance 1697 Bette Midler From Russia With Love 0348 Frank Sinatra From The Bottom Of My Broken Heart,Britney Spears From The Heart,Filipino,
9148,Galing Ng Pinoy 11069 Yeng Constantino Gambler 1613 David Benoit Game Face 9147 Jay R Game Of Love 7961 Santana Gangnam Style 15066 Psy Gangsta's Paradise 4262 Coolio Ganyan Ka Lang Ok Na Sa Akin,J Brothers Ganyan Pala Ang,Filipino,
3129,Get Jiggy Wit It 44450 Will Smith Get Me 8196 MYMP Get On Your Feet 5143 Gloria Estefan Get Over You 6933 Sophie Bextor Get Right 8173 Jennifer Lopez Get The Party Started 8514 Pink Get Together 8368 Madonna Get Your Way 44822 Jamie Cullum Gettin' You Home 11292 Chris Young Getting To Know Each Other,Gerard Kenny Getting To Know,English,
4474,Girl Be Mine 11717 Francis M. Girl From Ipanema 2568 Astrud Gilberto Girl In The Mirror 5585 Britney Spears Girl On TV 5541 Lfo Girlfriend 8581 Avril Lavigne Girls 44734 Sugababes Girls Girls Girls 1656 Elvis Presley Girls Just Want To Have Fun,Cyndi Lauper,English,
6980,Gising Na 6747 Parokya Ni Edgar Gisingin Ang Puso 11832 Liezel Garcia Gitara 8505 Parokya Ni Edgar Give A Little Bit 3304 Supertramp Give It To Me 9380 Madonna Give It Up 44132 Kc & The Sunshine Give Love On Christmas Day,Jackson 5,Filipino,
1475,Give Me A Chance 1196 Ric Segreto Give Me A Sign 6748 Eddie Peregrina Give Me Everything 11799 Pitbull Ft Ne- Yo Give Me One Reason 9895 Tracy Chapman Give Me The Night 0487 The Dawn Give My Regards To Broadway,Lisa Minelli,English,
6205,God Only Knows 3131 Beach Boys God Rest Ye Merry Gentlemen,Christmas Song Goin' Out Of,English,
9150,Good Golly Miss Molly 0397 Little Richard Good Life 44860 Kanye West & T- Pain Good Morning 3445 The Beatles Good Times Bad Times 3443 Led Zeppelin Good To Be Back 1011 Natalie Cole Good Vibrations 4203 The Beach Boys Goodboy Ang Bait Mo Naman,Blakdyak,Filipino,
2844,Goodbye 4308 Spice Girls Goodbye Earl 44562 Dixie Chicks Goodbye Girl 11693 Bread Goodbye Girl 8873 Martin Nievera Goodbye Is Not Forever 1051 Ella Mae Saison Goodbye To Love 1651 The Carpenters Goodbye To You 7695 Michelle Branch Goodbye Yellow Brick Road Gugma 8675 Visayan Song Gugmang Giatay 8806 Ambasador,Elton John,Filipino,
0423,Goodbye's Not Forever 8396 Erik Santos Goodnight Girl 1512 Wet Wet Wet Goodnight Tonight 4482 Wings Got My Mind Set On You 0868 George Harrison Got To Believe In Magic 5241 David Pomeranz Got To Get You Into My Life,Beatles,English,
11071,Got To Have You 6935 F4 (Jerry Yan) Gotta Be S b d,Nickelback,English,
6794,Guys And Dolls 4486 Frank Sinatra Gypsy 11045 Shakira Gypsy 3454 Stevie Nicks Habambuhay 9301 Yeng Constantino Habang Atin Ang Gabi 5961 South Border Habang Buhay 11722 Bbs Ft Kean Cipriano Habang Buhay 9152 Renz Verano Habang Buhay Kitang Mamahalin,Manilyn Reynes Habang Buhay Ko,Filipino,
0131,Hands Of Time 9683 Gino Padilla Hands To Heaven 7901 Christian Bautista Handyman 0224 James Taylor Hanep Sexy 7925 Joey De Leon Hang On 5294 Gary Valenciano Hanggang 6864 Wency Cornejo Hanggang 9591 Gerald Santos Hanggang Dito Na Lang 11467 Frio Hanggang Kailan 4947 Martin Nievera Hanggang Kailan 8260 Orange And Lemons Hanggang Kailan 9047 Sarah Geronimo Hanggang Langit 8249 Martin Nievera Hanggang May Kailanman 9048 Carol Banawa Hanggang Ngayon 5916 Ogie & Regine Hanggang Ngayon 6702 Kyla Hanggang Ngayon 7074 Martin Nievera Hanggang Ngayo'y Ikaw Pa Rin Haring Solomon 8678 Sulivan,Jaya,Filipino,
7813,"Hanggang Sa Muli 11009 Kenyo Hanggang Saan, Hanggang Kailan",Ogie Alcasid,Filipino,
1676,Hanging By A Moment 8537 Lifehouse Hanging Habagat 11475 Champ Hangover 11329 Sugarfree Haplos 8792 Shamrock Happy 11792 Michael Jackson Happy 44861 Leona Lewis Happy Birthday Sweet Sixteen,Paul Anka,Filipino,
3457,Happy Birthday To You 2651 Traditional Happy Christmas 9684 Noel Cabangon Happy Christmas (War Is Over),John Lennon,English,
3142,Haunted 11472 Taylor Swift Have A Good Time 9157 Jolina Magdangal Have A Nice Day 44771 Bon Jovi Have I Told You Lately 0169 Rod Stewart Have You Ever 44425 S Club 7 Have You Ever Loved 6936 S Club 7 Have You Ever Really Loved A Woman,Bryan Adams,English,
7291,Have You Ever Seen The Rain,Ccr Have Yourself A Merry,English,
2827,Hawakan Mong Mabuti 7603 Masculados Hay Buhay 11015 Sugarfree Hay Naku 9832 Silent Sanctuary Hayaang Ibigin Lang Kita 9158 Bing Rodrigo Hayop Na Combo 5717 Blakdyak Hazard 5364 Richard Marx He Ain't Heavy He's My Brother,Hollies,Filipino,
2578,Hello Goodbye 0813 The Beatles Hello I Love You 0394 Doors Hello It's Me 6206 Todd Rundgren Hello Mary Lou 0710 The Executives Help 2964 Beatles Help Me Make It Through The Night,Kris Kristofferson Help Yourself 1616,English,
1013,Hep Hep Hooray 9389 Willie Revillame Her Diamonds 11110 Rob Thomas Here And Now 1170 Jose Mari Chan Here Comes Santa Claus 3464 Various Artist Here Comes The Hotstepper 7122 Ini Kamoze Here Comes The Rain Again,Eurythmics,Filipino,
5718,Hindi Kita Pwedeng Mahalin,Girl Talk,Filipino,
9051,Hindi Ko Akalain 7600 Vst & Co. Hindi Ko Kaya 1197 Richard Reynoso Hindi Ko Kayang Iwan Ka 8409 Sheryn Regis Hindi Ko Na Kayang Masaktan Ka,Ogie Alcasid & Regine Hindi,Filipino,
6750,Hindi Pa Pala Ikaw 9165 Pops Fernandez Hintay 8839 Soapdish Hintay 9766 Callalily Hinumdumi 5687 Visayan Song Hip To Be Square 1715 Huey Lewis Hips Don't Lie 8467 Shakira Hiram 7419 Zsa Zsa Padilla Hiram 9307 Session Road Hit Me With Your Best Shot,Pat Benatar,Filipino,
0153,Hot N’ Cold 44731 Katy Perry Hot Na Hot 8329 Barako Boys Hot Stuff 3858 Donna Summers Hotel California 2581 Eagles Hound Dog 0832 Elvis Presley House Of The Rising Sun 0414 Animals How Am I Suppoed To Live Without You,Laura Branigan How Am I,Filipino,
5245,How Can I Fall 11813 Jed Madela How Can I Fall 6866 Breath How Can I Forget You 8018 Nexxus How Can I Tell Her 2654 Lobo How Can I Tell You 0239 Cat Stevens How Can You Mend A Broken Heart,Bee Gees How Could An,English,
8145,How Could I 11070 Paraluman How Could You Leave 6416 Regine Velasquez How Could You Say You Love Me,Sarah Geronimo How Deep Is,Filipino,
1014,How Did I Fall In Love 7845 Backstreet Boys How Did You Know 1465 Chiqui Pineda How Did You Know 8048 Gary V. How Do I Live 0339 Trisha Yearwood How Do You Do 4511 Per Gessle How Do You Keep The Music Playing,James Ingram How Do You,Filipino,
1665,How High The Moon 0033 Jerry Vale How Many Hours 0345 Michael Learns.. How Many People 4514 How Much Is That Doggie In The Window,Freddie Fender How Soon 9166,English,
9460,Hunter 7384 Dido Hurt 8536 Cristina Aguilera Hurt Again 44651 Mary J. Blige Hurting Each Other 0589 Carpenters Hurting Inside 5298 Foj Hush Hush 11129 Pussycat Dolls Hush Hush; Hush Hush 11049 Pussycat Dolls Hush Little Baby 4518 Huwag Ka Lang Magpapa Boogie,Willie Revillame Huwag Ka Nang,Filipino,
0340,I Care 8448 Rachel Ann Go I Could Easily Fall In Love 0689 Cliff Richard I Could Fall In Love With You,Selena I Could Have Danced,English,
7498,I Dig Rock And Roll 3472 Peter Paul And Mary I Do 5147 98 Degrees I Do 7846 Lisa Loeb I Do I Do I Do 2943 Abba I Do Love You 6114 Eddie Peregrina I Do Not Hook Up 11114 Kelly Clarkson I Don’t Wanna Lose Your Love,Roselle Nava,English,
8146,I Don't Mean A Thing 1339 Sharon Cuneta I Don't Wanna Be Your Friend,Nina,Filipino,
7300,I Don't Wanna Talk About It 2815 Rod Stewart I Don't Wanna Wait 5443 Paula Cole I Don't Want To 5361 Toni Braxton I Don't Want To Fall 11046 Juris I Don't Want To Miss A Thing 4523 Aerosmith I Don't Want To Spoil The Party,The Beatles,English,
2690,I Dont Care 8317 Ricky Martin I Don't Care 9863 2ne1 I Don't Feel Like Dancing 9949 Scissors Sisters I Don't Have The Heart 11731 James Ingram I Don't Have The Heart 9833 Kyla I Don't Know How To... 2808 Helen Reddy I Don't Like Mondays 9961 The Boomtown I Don't Like To Sleep Alone,Paul Anka,English,
2831,I Give My Life To You 7629 Praise Song I Go Crazy 0341 Barry Manilow I Got It From My Mama 44669 Will.I.Am I Got You 4526 James I Got You Babe 7451 Sonny & Cher I Got You Under My Skin 2886 I Gotta Feeling 44848 Black Eyed Peas I Hab Hands 5935 Max Surban I Hate Everything About You,Joan Jett,English,
7928,I Hate Everything About You,Ugly Kid Joe,English,
3157,I Hate This Part 44759 Pussycat Dollls I Have A Dream 3404 Abba I Have Nothing 0680 Whitney Houston I Have You 8529 Carpenters I Heard It Through The Grapevine,Marvin Gaye,English,
2589,I Honestly Love You 6115 Olivia Newton John I Just Called To Say I Love You,Stevie Wonder I Just Can't,English,
2787,I Knew I Loved You 4317 Savage Garden I Know 44859 Jay-Z and Pharrell I Know 8251 Yasmien Kurdi I Know 9172 Tom Jones I Know Him So Well 4528 Whitney Houston I Know You Want Me 44868 Pitbull I Lay My Love On You 5491 Westlife I Left My Heart In San Francisco,Frank Sinatra,English,
0035,I Love You 11438 Willie Revillame I Love You 11954 2NE1 I Love You 3869 Celine Dion I Love You 1 2 3 8796 Mom's Cake I Love You All The Way 6379 Janie Frickie I Love You And.. 1569 Jam Morales I Love You For Sentimental Reasons,Linda Ronstadt I Love You,English,
7499,I Need You 7680 Leann Rimes I Need You 8113 3T I Need You Back 1229 R. Lauchengco I Never Cry 11061 Iya Villana I Never Cry 5253 Alice Cooper I Never Dreamed Someone Like You,Cathy Irving,English,
7983,I Never Loved A Man 4530 Aretha Franklyn I Never Loved You Anyway,Corrs,English,
2584,I Only Have Eyes For You 0046 Art Garfunkel I Only Wanna Be With You 2846 Dusty Springfield I Predict A Riot 9930 Kaiser Chiefs I Promise You 9173 Ogie Alcasid I Put A Spell On You 2863 CCR I Really Don't Want To Know,Elvis Presley,Filipino,
3483,I Remember The Boy 0537 Joey Albert I Remember The Girl 11393 Christian Bautista I Remember You 8028 Skidrow I Said Never Again 44796 Rachel Stevens I Saw God Today 44639 George Strait I Saw Her Standing There 2771 The Beatles I Saw Mommy Kissing Santa Claus,Christmas Song I Saw Three,Filipino,
5148,I Still Believe 5119 Mariah Carey I Still Believe In Love 9616 Jaya I Still Believe In Loving You 8475 Sarah Geronimo I Still Haven't Found What I'm.. 4210 U2 I Still Miss You 44645 Keiith Anderson I Surrender 44387 Laura Pausini I Swear 0596 All 4 One I Thank You 3165 Sam And Dave I Think I Love You 7500 Parridge Family I Think I'm In Love 8029 Piolo Pascual I Think I'm In Love 9637 Kuh Ledesma I Think I'm In Love With You,Jessica Simpson I Told You,Filipino,
9054,I Turn To You 5799 Cristina Aguilerra I Understand 0872 Herman's Hermit I Wanna Be Adored 9954 Stone Roses I Wanna Be Bad 44540 Willa Ford I Wanna Be With You 5149 Mandy Moore I Wanna Be Your Lover 1363 Cascades I Wanna Dance 1668 Mltr I Wanna Do It With You 0271 Barry Manilow I Wanna Go 11597 Britney Spears I Wanna Hold Your Hand 0406 Beatles I Wanna Know What Love Is,Sarah Geronimo I Wanna Love,Filipino,
0874,I Want To Give It All 1350 Air Supply I Want To Know What Love Is,Foreigner I Want To Know,English,
5446,I Want You 0775 Elvis Presly I Want You 8031 Savage Garden I Want You Back 3167 F. Perren I Want You For My Self 7309 Another Level I Was Born To Love You 5885 Eric Carmen I Was Born To Make You 8032 Britney Spears I Was Looking For Someone,Leif Garret I Was Made,English,
0471,I Will Be Here For You 0508 Michael W. Smith I Will Be There 7618 Kyla I Will Be Waiting 4536 Lisa Stansfield I Will Bless The Lord 7373 Daniel Gardner I Will Carry Upon The Lord 6389 K Corales I Will Follow Him 0184 Petula Clark I Will Give My Love 9174 Cristy Mendoza I Will Love Again 6581 Lara Fabian I Will Survive 4273 Gloria Gaynor I Will Take You Forever 9973 Christopher Cross I Wish The Phone Would Ring,Expose,English,
9309,I Won't Go Home Without You,Maroon 5,English,
9448,I Won't Hold You Back 1538 Toto I Won't Last A Day Without You 0065 Carpenters I Won't Send Roses 4538 Mack & Mabel I Wouldn't Be Here 0343 Belinda Carlisle I Write The Song 0415 Barry Manilow I’ll Be Loving You Longtime,Mariah Carey ft. T.I. I’ve,English,
0057,I'll Never Get Over You 0470 Expose I'll Never Get Over You 9781 Karylle I'll Never Go 5822 Nexxus I'll Never Go 9059 Erik Santos I'll Never Let You Go 0616 Joanne Lorenzana I'll Never Love This Way Again,Dionne Warwick I'll Never Say,English,
3877,I'm Gonna Miss You 6420 Aaron Carter I'm Happy Just To Dance With You,Beatles,English,
5971,I'm In Love With A Girl 11222 Gavin DeGraw I'm In The Mood 0736 Ce Ce Peniston I'm Into You 11811 Jennifer Lopez Ft. Lil I'm Just A Girl 44171 No Doubt I'm Like A Bird 5533 Nelly Furtado I'm Looking Through You 2949 The Beatles I'm Missing You 6576 Meja I'm Missing You 9397 Bea Alonzo I'm Never Gonna Give You Up 9891 Frank Stallone And I'm Not A Fool Anymore 1568 Freddie Fender I'm Not A Girl Not Yet A Woman,Britney Spears I'm Not In,English,
0077,I've Been Away 1690 Oliver I've Been Away Too Long 2585 George Baker I've Been Loving You 3181 Isaac Hayes I've Been Waitng For You 0283 Guys Next Door I've Fallen For You 8187 Jamie Rivera I've Got A Crush On You 1351 Frank Sinatra I've Got The Music In Me 2921 Kki Dee Band I've Got You 6580 Martin Mccutcheon I've Got You Under My Skin 5049 Cole Porter I've Gotta Get A Message To You,Bee Gees,English,
0034,Ibig Kong Magtapat 1265 Ibigay Mo Baby 9511 Willie Revillame Ibigay Mo Na 5150 Jessa Zaragosa Ibigin Mo Mahal 7212 Sessionist Ibog Ibog 8945 Mantequilla Ibulong Mo Sa Hangin 9175 Claire Dela Fuente Ibulong Sa Hangin 7875 Sarah Geronimo Ice Ice Baby 0645 Vanilla Ice Icicle 6211 The Cranberries I'd Lie 44708 Taylor Swift I'd Like To Teach The World To Sing,New Seekers I'd Love You,Filipino,
5299,Idlip 9853 Imago If 2688 Bread If 5004 Nelson Del Castillo If 8295 Rivermaya If All The Raindrops 4549 Traditional If Ever You're In My Arms 8033 Peabo Bryson If Ever You're In My Arms Again,Peabo Bryson If Everyone Cared,Filipino,
8624,"If I Could 5303 Jonathan Davis If I Could Turn Back The Hands Of Time 44415 R. Kelly If I Could Turn Back Time 44345 Cher If I Die Young 11368 The Band Perry If I Ever Loose My Faith.. 0570 Sting If I Fell 3004 The Beatles If I Give You My Heart 11062 Toni Gonzaga If I Had 1,000,000 44335 Barenaked Ladies If I Had Hammer 6424 Peter Paul & Mary If I Keep My Heart Out Of Sight",Nikki Gil,English,
5448,If I Let You Go 4551 Backstreet Boys If I Needed You 0876 D. Williams If I Never See Your Face Again 44678 Maroon 5 Feat. If I Never Sing Another Song,Matt Monro If I Said,English,
2891,If I’m Not In Love With You 1030 Kathy Trocolli If It Makes You Happy 4544 Sheryl Crow If Life Is So Short 6425 The Moffatts If Looks Could Kill 1493 Heart If Love Is Blind 0016 Tiffany If The Feeling Is Gone 1050 Ella May Saison If The Feeling Is Gone 9055 Kyla If There Was Any Other Way,Celine Dion,English,
1172,If We Can Have More Time,Jose Mari Chan If We,Filipino,
4214,If You Come Back 7685 Blue If You Didn't Love Me 44658 Phil Stacey If You Had My Love 4306 Jennifer Lopez If You Leave 0926 Me Now If You Leave Me Now 4347 Chicago If You Love Me 3878 Branda Lee If You Love Somebody Set Them Free,Sting,English,
9180,Iisang Damdamin 6212 Louie Heredia Iiwan Ba Ako 9178 Jessa Zaragosa Iiyak Ka Rin 5879 Arnel Pineda Ikaduhang Bathala 5249 Visayan Sng Ikakasal Ka Na 5250 Jessa Zaragosa Ikakasal Ka Na Pala 9179 Eva Eugenio Ikakasal Na Ang Aking Mahal,Isabel Granada Ikaw 6213 Freddie,Filipino,
7605,Ikaw Ay Nagbago 9188 E.Peregrina Ikaw Ay Nasaan 3171 Bert Dominic Ikaw Lamang 1745 Ogie Alcasid Ikaw Lamang 8465 Janno & Jaya Ikaw Lamang 8586 Silent Sanctuary Ikaw Lamang 9056 Gary Valenciano Ikaw Lamang 9871 Zsa Zsa Padilla Ikaw Lamang Ang Buhay Ko,Ogie Alcasid,Filipino,
9189,Ikaw Lamang Giliw 7609 April Boy Regino Ikaw Lamang Mahal 8162 April Boy Ikaw Lamang Para Sa'kin 7929 Janet Ikaw Lang 5881 Tony Lambino Ikaw Lang 7123 Smokey Mountain Ikaw Lang 9190 Chad Borja Ikaw Lang (Endless Love) 11200 Rachelle Ann Go Ikaw Lang Ang Iibigin 9597 Lambert Ikaw Lang Ang Iibigin 9872 Jessa Zaragoza Ikaw Lang Ang Iibigin Kailan Man,Jay R.,Filipino,
6867,Ikaw Lang Ang Mamahalin 1137 Joey Albert Ikaw Lang At Ako 1056 Jessa Zaragosa Ikaw Lang At Ako 9005 Janno Gibbs Ikaw Lang Pala 9057 Divo Ikaw Lang Pala (Qing Fei Te Yi),Michael John,Filipino,
8020,Isn't She Lovely 3484 Stevie Wonder Istambay 8807 Enchi Istorya Ng Raffy 9561 Totoy Bato Isumbong Ko Ikaw Sa Langit,Visayan Song Iswing Mo Ako,Filipino,
3363,It Can Only Get Better 9366 Charisse Pempengco It Don't Matter To Me 3177 Bread It Don't Mean A Thing 8022 Duke Ellington It Ends Tonight 11117 All American Rejects It Hurts Me More 0310 Rockstar 2 It Hurts When Love Fails 11728 Nelson Del Castillo It Might Be You 2788 Stephen Bishop It Must Have Been Love 0636 Roxette It Never Rains In Southern California,Albert Hammond It Only Reminds,English,
0037,It's Alright 4563 Annie Lennox It's Been A While 8496 Stained It's Beginning To Look Like Christmas,Bing Crosby,English,
9619,It's So Easy 2750 Linda Ronstadt It's Still Rock & Roll To Me 6214 Billy Joel It's Tearing Up My Heart 7966 N Sync It's The Lover 1019 Tiffany It's The Same Old Song 8167 The Supremes It's Time To Cry 5453 Paul Anka It's Too Late 0977 Carol King It's You I Cannot Do Without,Jaya,English,
4562,Itanggi Pa 6120 Jackie Cajuca Itanong Mo Sa Mga Bata 0137 Asin Ito And Trip 6762 Parokya Ni Edgar Ito Ang Pangako Ko 11497 Nyoy Volante It's A Heartache 1580 Bonnie Tyler It's A Miracle 3179 Barry Manilow It's A Small World 3623 Disney Theme It's All Coming Back To Me Now,Celine Dion,Filipino,
3180,Its Getting Better 3436 The Beatles It's Going To Take Sometime,Carpenters,English,
6430,Jumping Jack Flash 0014 Rolling Stones Jungle Drum 11131 Emiliana Torrini Junior's Farm 4578 Wings Just 44650 Mark Ronson Feat. Alex Just A Boy 6220 Kiss Just A Dream 44714 Carrie Underwood Just A Minute 9639 Rachel Alejandro Just A Smile 9065 Barbie Almalbis Just A Smile Away 7392 Luke Mijares Just A Song Before I Go 5367 Crosby Still Just A Touch Of Love 0765 C&C Music Factory Just Another Day Without You,John Secada Just Another Woman,English,
7506,Just Once 1710 James Ingram Just One Of Those Things 3565 Cole Porter Just Say I Love Him 7505 Timi Yuro Just Say You Love Me 9695 Pops Fernandez Just Smile Away 7606 Luke Mijares Just Stand Up 9542 Various Artist Just Take My Heart 11490 Mr. Big Just Tell Her Jim Said Hello,Elvis Presley Just Tell Me,English,
2590,Just The Way You Are 0690 Billy Joel Just The Way You Are 11418 Bruno Mars Just Wanna Be With You 44761 Ryan Kelsi Troy And Just Want You To Know 8281 Backstreet Boys Just When I Needed You Most,"R, Vanwarmer",English,
8071,Kaanugon 8687 Visayan Song Kaba 5155 Tootsie Guevara Kabataan Para Sa Kinabukasan,Francis M.,English,
6666,Kahit Na Pangit Ka 7455 DJ Alavaro Kahit Nasaan 9207 Boyfriends Kahit Pa 8253 Hale Kahit Sa Panaginip Lang 9208 Bing Rodrigo Kahit Sandali 8003 Jennilyn Mercado Kahit Sino 1291 Richard Reynoso Kahit Sino (Laban O Bawi),Sexbomb Girls Kahit Wala Ka,Filipino,
9212,Kakaba Kaba 9211 Pops Fernandez Kakalog Kalog 8617 Willie Revillame Kakapraning 7933 Kenji Kakayanin Ko Ba 9836 Ariel Rivera Kalabit Penge 8478 Wally And Jose Kalaro Lamang 5160 Jessa Zaragosa Kalayaan 11083 Bamboo Kaleidoscope World 8490 Francis Magalona Kalesa 11007 Hale Kalidan 8688 Ilocano Song Kaligayahan Mo'y Kaligayahan Ko Rin,Imelda Papin Kaligayahan Na Pansamantala,Filipino,
7619,Kamusta 9008 Missing Filemon Kanino Ba 5008 Carol Banawa Kanlungan 11439 Willie Revillame Kanlungan 6942 Noel Cabangon Kansas City 3501 Fats Domino Kanto 6225 Siakol Kanunay Blues 8691 Milyo Naryo Kapag Ako Ay Nagmahal 5256 Jolina Magdangal Kapag Nag-Utos Ang Puso 5608 Melda Papin Kapag Puso Ang Nag-Usap,Aiza Seguerra Kapag Puso'y Sinugatan,Filipino,
7391,Kaya Ko Ba 9874 Rachel Alejandro Kaya Mo 11465 Protein Shake Kaya Mo Bang Ibalik 9837 Jennylyn Mercado Kaya Pala 6122 Pops Fernandez Kayahum Sa Yamug 8697 Visayan Song Kayganda Ng Ating Musika 7992 Hadji Alejandro Kayleigh 3502 Marillion Kayo Na Pala 7611 Ogie Alcasid Keep Believing 9972 Aaron Carter Keep Holding On 8533 Avril Lavigne Keep On Loving You 1020 Reo Speedwagon Keep On Loving You (Wo Nan Go),Renz Verano,Filipino,
2931,Keep On Walkin' 0649 Ce Ce Peniston Keep This Love Alive 0473 Tom Scott Keeping The Love Alive 11684 Air Supply Keeps Getting Better 9427 Christina Aguilera Kembot 8793 Ud4 Kering-Keri 8794 Kim Chiu Kids Says The Darndest Thing,Tammy Wynneth Kikay 7879 Viva,English,
0189,Killing Me Softly With His Song,Roberta Flack Kinahanglan Pa Ba,English,
8554,Kung Ako Ba Siya 6845 Piolo Pascual Kung Ako Lang Sana 6489 Bituin Escalante Kung Ako Lang Sana 9697 Chad Borja Kung Ako'y Iibig Muli 7507 Anna Dizon Kung Ako'y Iiwan Mo 1176 Basil Valdez Kung Alam Ko Lang 0543 Toni Daya Kung Alam Mo Lang 0320 Joanne Lorenzana Kung Ayaw Mo Na Sa Akin,Sugarfree,Filipino,
0300,Kung Maaalala Mo 9621 Eric Santos Kung Maging Ulila 1187 Norma Lapuz Kung Mahal Mo Ako 5163 Renz Verano Kung Mahal Mo S'ya 7880 Jay R Kung Maibabalik Ko Lang 1379 Regine Velasquez Kung Malaya Lang Ako 8477 Kris Lawrence Kung Mamahalin Mo Lang Ako 9573 Janno Gibbs Kung Matapos Nang Lahat,Louie Heredia,Filipino,
1232,Kung Papipiliin 7934 Sarah Geronimo Kung Para Sa'yo 8991 Willie Revillame Kung Pwede Lang Sana 0321 White Lies Kung Pwede Lang Sana 9811 Bugoy Drilon Kung Sakali 9434 Ogie Alcasid Kung Sakali Man 1213 Rachell Alejandro Kung Sakaling Ika'y Lalayo 5830 J. Brothers Kung Sino Pang.. 6820 Manilyn Reynes Kung Siya Ang Mahal 11505 Sarah Geronimo Kung Talagang Mahal Mo Ako,Cely Bautista,Filipino,
5055,L.O.V.E. 8567 Ashley Simpson L.Q. 9010 Mantequilla La Bamba 2593 Richie Valens La Isla Bonita 1500 Madonna La La 8191 Ashly Simpson La La La Means I Love You,Swing Out Sister Lab Na,English,
9656,Landi 11547 Hansom Lando 8620 Gloc 9 Feat Francis M Landslide 3512 Fleetwood Mac Langgonisa 8704 Sullivans Langis At Tubig 3189 Sharon Cuneta Langit 9011 Missing Filemon Langit Na Naman 1453 Donna Langit Na Naman 9285 Hotdog Last Dance 9845 Donna Summers Last Days On A Cruise Ship,Bamboo,Filipino,
0040,Let It Shine 4596 Let It Snow 0041 Christmas Song Let Me Be 6076 Cascades Let Me Be 7115 Aero Let Me Be The One 4226 Carpenters Let Me Be The One 6946 Jimmy Bondoc Let Me Be There 2597 Olivia Newton John Let Me Call You Sweetheart,P. Boon,English,
9701,Let Me Love You 11733 Jed Madela Let Me Love You 8226 Mario,Tribe Of Levi,English,
4227,Let Me Love You B b Let Me Roll It 4597 Paul Mccartney Let Me Try Again 0039 Frank Sinatra Let The Good Times Roll,Ray Charles,English,
5456,"Let The Love Begin 1128 Gino Padilla Let The Pain Remain 9975 Side A Let There Be Love 44794 Oasis Let Your Love Go 3191 Let's Get It Started 44029 Black Eyed Peas Let's Get Loud 5167 Jennifer Lopez Let's Groove 3192 Earth, Wind, Fire Let's Make A Night To Remember",Bryan Adams,Filipino,
0827,Listen To What The Man Said,Paul Mccartney Listen To Your,English,
5026,Little Darlin' 0193 Maurice Williams Little Deuce Coupe 3195 Little Devil 1699 Neil Sedaka Little Green Apples 5983 Various Artist Little Honda 6125 Beach Boys Little Indian Five Six 5619 Roy George Little Old Lady From Pasadena,Jan And Dean Little Past,English,
4229,Louder 11699 Charice Love 2599 John Lennon Love Ain't 7937 Take That Love And Marriage 8037 Frank Sinatra Love At First Sight 44386 Kylie Minogue Love Bug 9598 Jonas Brothers Love Can Move Mountains,Celine Dion,English,
2600,Love Hug 8815 Bisrock Love Hurts 0371 Nazareth Love Hurts & You Are Everything 3514 Love In This Club 44666 Usher Feat. Young Jeezy Love Is A Losing Game 44811 Amy Winehouse Love Is A Many Splendored Thing,Andy Williams Love Is A,English,
8389,Love Me 1586 Elvis Presley Love Me 6589 Martin Mccutcheon Love Me 9817 Michael Cretu Love Me Do 0408 Beatles Love Me For A Reason 1022 Boyzone Love Me For What I Am 11815 Lobo Love Me For What I Am 5337 The Carpenters Love Me If You Can 11277 Toby Keith Love Me Now Hate Me Soon,Cueshe',Filipino,
2678,Love Me Tender 2601 Elvis Presley Love Me Tonight 0682 Tom Jones Love Me With All Of Your Heart,E. Humperdink Love Me With,English,
0978,Love Potion No.9 2907 The Searchers Love Remains The Same 44697 Gavin Rossdale Love Sex Magic 44814 Ciara & Justin Love Shack 11424 B-52's Love Somebody 5458 Rick Springfield Love Song 44590 Sara Bareilles Love Song 9318 Nancy Jane Love Story 2602 Andy Williams Love Story 44843 Taylor Swift Love Takes Time 0290 Mariah Carey Love Team 8593 Itchyworms Love The One You're With 44397 Luther Vandross Love The Way You Lie 11338 Eminem ft Rihanna Love To See You Cry 6588 Enrique Iglesias Love Will Keep Us Alive 4364 Eagles Love Will Keep Us Together,Neil Sedaka Love Will Keep,English,
4618,Love You More (Child I N d) Love Your Love The Most 11254 Eric Church Lovers Moon 6252 Glenn Frey Love's Been Good To Me 6436 Frank Sinatra Love's Made A Fool Of You,Buddy Holly,English,
0163,Lucky Lips 7975 Ruth Brown Lucky Love 4343 Ace Of Base Lucky Man 9966 The Verve Lucky One 0578 Amy Grant Lucky Star 6671 Madonna Lucy In The Sky With Diamonds,The Beatles,English,
4621,Magkasuyo Buong Gabi 1773 Rico J. Puno Magkasuyo Buong Gabi 9816 Regine Velasquez Magkayakap Na Puso 5174 Vina Morales Magmahal Muli 8393 Sam And Say Magmahalan Na 6672 Dyna Souls Magmula Ngayon 8342 Ogie Alcasid Magnanakaw 7233 Asin Magneto And Titanium Man,Paul Mccartney Magnifica 7577 Vst,Filipino,
9076,Magnify The Lord 7337 Michael O'shields Magpakailan Man 6948 Wency Cornejo Magpakailan Pa Man 7578 J.Brothers Magsasaya 8964 6 Cycleminds Magsaya Ng Magsaya 6673 Rainbows Magtiwala Ka (Fantastikids),Shamrock,Filipino,
7510,Mahagkan Kang Muli 9495 Aiza Seguerra Mahal 1589 Sharon Cuneta Mahal Ginagabi Ka Na Naman,Geraldine,Filipino,
9877,"Mahal Kita Alam Mo Ba 0326 Rockstar Mahal Kita Kahit Kailan 6674 Junior Mahal Kita Kasi 11478 Nicole Hyala Mahal Kita Walang Iba 1590 Ogie Alcasid Mahal Kita, Mahal Mo Siya Mahal Niya Ay Iba",Sharon Cuneta Mahal Mo Ba,Filipino,
3212,Mahal Mo Ba Sya 1251 Eva Eugenio Mahal Mo Ba'y Di Na Ako 6438 Roselle Nava Mahal Mo Pa Ba Ako 1378 Sharon Cuneta Mahal Na Mahal Kita 6700 Aegis Mahal Na Mahal Kita 6754 Ransa C. Mahal Na Mahal Na Mahal Kita,April Boy Regino Mahal Naman,Filipino,
7511,Mahal Pa Rin 9322 Sam Milby Mahal Pa Rin Kita 0482 Rockstar Mahal Pa Rin Kita 5175 Lani Misalucha Mahal Saan Ka Nanggaling Kagabi,Imelda Papin,Filipino,
5990,Mahimo Ko Ba 8713 Visayan Song Mahirap Ang Maging Pogi 7405 Andrew E. Mahirap Magmahal Ng Syota Ng Iba,Jim Paredes,Filipino,
3940,Make Me A Love Song 6984 L.A.Lopez Make Me Believe 9340 Aicelle Santos Make Me Smile 0888 Chicago Make The World Go 0838 Willie Nelson Make You Feel My Love 11484 Adele Make You Mine 7882 Nina Make Your Own Kind Of Music,Mama Cass,English,
9623,"Making Love 0284 Roberta Flack Making Love Out Of Nothing At All 3941 Air Supply Makita Kang Muli 8340 Sugar Free Makulay Na Buhay 8438 Kitchie Nadal Makulit 7338 Dj Alvaro Malaya Ka Na 7675 Lani Misalucha Malayo Man, Malapit Din Ako",Bayang Barrios Malayo Pa Ang,Filipino,
1256,Manila 9787 Sandwich Manila Girl 5506 Put3ska Maniniwala Ba Ako 0322 Roselle Nava Maniwala Ka 6261 Aegis Maniwala Ka Sana 7406 Parokya Ni Edgar Mano Po Ninong Mano Po Ninang,Mabuhay Singers Manunumbalik Lamang 9745,Filipino,
9878,May Bukas Pa 7218 Aegis May Crush Ako Sa'yo 0173 Cinderella May Gusto Ako Sa Iyo 1072 Wendell May Iba Pa 7787 Aiza Seguerra May Isa Na Namang Kumagat Sa Alikabok,Michael V.,Filipino,
8721,May Kakaibang Kutob 7082 Jason Martines May Mahal Ka Nang Iba 1073 Pal Villaluz May Minamahal 9705 Rachel Alejandro May Pag-Asa Ba 1593 Introvoys May Pag-Ibig Pa 0123 Bing Rodrigo May Pag-Ibig Pa Ba 11674 South Border May Pagtingin 1243 Wendell May Pulis Sa Ilalim Ng Tulay,Sullivans,Filipino,
6492,Maybe 7235 King Maybe 7657 Neo Colours Maybe 8008 Sheryn Regis Maybe Baby 0457 Buddy Holly Maybe It's You 8434 Jolina Magdangal Maybe This Time 5268 Michael Murphy Maybe This Time 9784 Martin Nievera Maybe Tomorrow 3207 Jackson 5 Maybe You Should Know 9974 Kenny Rogers Mayron Sayo’y Nagmamahal,Kuh Ledesma Mayroon Pang Pag-Asa,Filipino,
3959,"Meteor Rain 7101 F4 Metoor Something Strange 6080 Mexican Girl 3958 Smokie Mga Babong 6797 Tito, Vic & Joey Mga Kababayan 11986 Francis M Mga Tipik Sa Damgo 8724 Visayan Song Mibalik Ako 8725 Visayan Song Michael Row The Boat Ashore",The Kingsmen,Filipino,
1303,Minsan 9802 Cueshe Minsan Isang Kahapon 1312 Lea Salonga Minsan Lamang 1250 Ric Mantique Minsan Lang 9311 Jay-R Siaboc Minsan Lang 9707 Martin Nievera Minsan Lang Kitang Iibigin 11748 Regine Velasquez Minsan Lang Kitang Iibigin,Ariel Rivera,Filipino,
7083,Missing 3542 Everything But Girl Missing You 5285 Freestyle Missing You 6593 Diana Ross Missing You 6594 Backstreet Boys Missing You 7458 Tina Turner Missing You 8418 John Waite Missionary Man 4638 Annie Lennox Misss Kita Kung Christmas,Aiza Seguera,Filipino,
1024,More 2707 Andy Williams More Human Than Human 44449 White Zombie More Than A Memory 11276 Garth Brooks More Than A Woman 1025 Bee Gees More Than I Can Say 2605 Leo Sayer More Than Just The Two Of Us 11751 Sneaker More Than That 44462 Backstreet Boys More Than This 7788 Norah Jones More Than Words 6985 Extreme More Than You'll Ever Know,Michael Ruff,English,
6595,More To Lose 0516 Seona Dancing More Today Than Yesterday,Spiral Staircase Mornin' 3549 Al,English,
6272,Morning After 0203 C. Davis Morning Has Broken 3215 Cat Stevens Moshi Moshi Chikiyaki 8891 Sexbomb Girls Most Beautiful Girl 6271 Prince Most Beautiful Girl 7334 Charlie Rcih Most Beautiful Girl In The World,Frank Sinatra,English,
1107,Mr. Songwriter 1297 Jose Mari Chan Mr. Speed 6275 Kiss Mr. Suave 6850 Parokya Ni Edgar Mr. Vain 0656 Sound Tripper Mr. Wow 8183 Ethel Booba Mrs. Robinson 0056 Simon & Garfunkle Ms. Serious 8305 Shamrock Much Has Been Said 8381 Bamboo Mukha Ng Pera 8928 The Youth Mula Noon Hanggang Ngayon,Lea Salonga,Filipino,
6276,Muli Ay Patawarin 5994 Von Arroyo Muli Mong Mahalin 1467 April Boys Muling Ibalik 11668 First Cousin Muling Mahiram 7632 Anton Diva Muling Mamahalin 0126 Loui Heredia Muling Nagmahal Ang Puso,Jude Michaels Multo Sa Paningin,Filipino,
6950,Munting Hiling 9790 Willie Revillame Munting Pangarap 5010 Aegis Murder On The Dance Floor,Sophie Bextor Music 5628 Madonna,Filipino,
6277,Music Box 0522 Mariah Carey Music Of My Heart 6391 N'sync And Gloria Musikang Binisaya 8726 Visayan Song Muskrat Love 0981 America Must Be Heaven 1236 C. Paner Must Get Out 8202 Maroon 5 Mustang Sally 0010 Wilson Pickett My All 4299 Mariah Carey My Baby Just Cares For Me,Nina Simone,English,
9756,My Hometown 0456 Bruce Springsteen My Humps 8351 Black Eyed Peas My Immortal 7688 Evanescence My Kind Of Girl 5995 Matt Monro My Labs 7710 Lovely My Life 1026 Billy Joel My Life Would Suck Without You,Kelly Clarkson My Little Clown,English,
1608,My Little Girl 11262 Tim Mcgraw My Love 2866 Paul Mccartney My Love 44285 Lionel Richie My Love 44784 Justin Timberlake My Love 5184 Westlife My Love And Devotion 1618 Perry Como My Love Is Like.. 44407 Mya My Love Will See You Through,Marco Sison,English,
5185,My Shining Hour 4649 My Side Of Town 5307 TRICIA Mcneal My Special Angel 1597 Bobby Helms My Strongest Suit 7407 Spice Girls My Sweet Lady 0386 John Denver My Sweet Lord 6876 George Harrison My Tender Bear 11737 Kamikazee My Uncle John From Jamaica,Vengaboys,Filipino,
7514,My Valentine 5835 Jamie Rivera My Way 2606 Frank Sinatra My World 8282 Avril Lavign My World Keeps Getting Smaller,Neil Sedaka,English,
5511,Never Gonna Let You Go 8156 Sergio Mendez Never Had A Dream Cme True,Sclub7,English,
9534,"Ngano Man 9013 Missing Filemon Ngayon 1177 Basil Valdez Ngayon At Kailanman 1267 Ngayon Na 11767 Slapshock Ngayon, Bukas At Kailanman",Sarah Geronimo Ngayong Pasko 9712,Filipino,
4658,Nights In White Satin 0195 Moody Blues Nights On Broadway 2859 Bee Gees Nikita 2836 Elton John Nilamon Ng Gabi 9082 The Pain Up Girls Nilunok Kong Lahat 5272 Selina Sevilla Nine In The Afternoon 44670 Panic At The Disco Nine Million Bicycles 44786 Katie Melua Ninenteen Hundred And Eighty Five,Paul Mccartney No Air 9349,Filipino,
7118,No More 5100 Elvis Presley No More I Love You's 5768 Annie Lennox No More Lonely Nights 2842 Paul Mccartney No More Mr. Nice Guy 6288 Alice Cooper No More Rhyme 0085 Debbie Gibson No One 9242 Alicia Keys No One Can 5391 Marillion No One Else Comes Close,Joe,English,
7058,No Touch 1080 Mike Hanopol No Woman No Cry 2875 Bob Marley No You Girl's 44817 Franz Ferdinand Nobela 8450 Join The Club Nobody (English Version) 9798 Wonder Girls Nobody (Korean Version) 9799 Wonder Girls Nobody Does It Better 2801 Carly Simon Nobody Knows 44795 Pink Nobody Wants To Be Lonely,Ricky Martin,English,
6293,Noon At Ngayon 9626 Carol Banawa Noo'y Pasko Rin 7741 Roselle Nava Norwegian Wood 0428 Beatles Nosi Balasi 0103 Sampaguita Nostalgic Medley 6986 Various Artist Not Fair 44832 Lily Allen Not If You Were The Last On Earth,Dandy Warhols Not Like The,English,
0168,Nothing In My Way 44787 Keane Nothing In This World 8540 Paris Hilton Nothing Really Matters 7515 Madonna Nothing To Die For 11320 Tim Mcgraw Nothing To Lose 8869 Michael Learns To Nothing's Gonna Change 44110 George Benson Nothing's Gonna Change My Love,Glenn Medeiros Nothings Gonna Stop,English,
4666,Notorious 4664 Duran Duran November Rain 3561 Guns & Roses Novus Is Burning 9508 Wolfgang Now 9469 M.Y.M.P. Now And Forever 11780 Air Supply Now And Forever 6294 Richard Marx Now I Lay Me Down To Sleeep,Traditional,English,
4672,"O Christmas Tree 4668 Traditional O Holy Night 4670 Christmas Song O Kay Sarap Umibig 5893 Rea Valle O Lumapit Ka 1376 Ella Del Rosario O Naraniag A Bulan 1662 Ilocano Song O Pag-Ibig 8024 Vhong Navarro O.K. Na 8349 Milk And Honey O.M.G. 11634 Karylle Oakie From Muskogee 3562 Merle Haggard Oats, Peas, Beans And Barley Grow",Traditional,English,
0787,Oh Carolina 44431 Shaggy Oh Come All 7289 Ye Faithful Oh Come All Ye Faithful 1717 Traditional Oh Giliw Ko 6446 Zaldy Oh Kinabuhi 8737 Visayan Song Oh Little Town Of Bethlehem,Christmas Song Oh Lonesome Me,English,
4674,"Oh My God 44779 Ida Maria Oh My Love 0291 John Lennon Oh Pretty Woman 3988 Roy Orbison Oh Starry Night 3635 Sailor Moon Us Oh Susana 0894 Various Artist Oh! Darling 2698 The Beatles Oh, My Darling Clementine",Traditional,English,
5405,One Last Cry 0667 Brian Mcknight One Last Song 6135 A1 One Less Lonely Girl 11197 Justin Bieber One Little Kiss 9823 Sarah Geronimo One Look 9030 Kjwan One Love 6756 Blue One Love 9293 Ace Bisa One Love People Get Ready,Bob Marley,Filipino,
1191,Paano 9521 Kris Lawrence Paano 9564 Manibela Paano Ang Puso Ko 4970 April Boy Paano Ba Aaminin 0142 Jessa Zaragosa Paano Ba Ang Mangarap 1186 Pilita Corales Paano Ba Kita Malilimutan 1387 Manilyn Reynes Paano Kaya 6137 Jessa Zaragosa Paano Kita Iibigin 9513 Piolo Pascual & Paano Kita Malilimot 6829 Ric Manrique Paano Kita Malilimutan 5193 Yolly Samaon Paano Kita Mapasasalamatan,Kuh Ledesma Paano Maibabalik Ang,Filipino,
5311,Paano Na Ang Puso Ko 11841 Bugoy Drilon Paano Na Ba 7744 Roxy Paano Na Kaya 9431 Bugoy Paasa 11507 All For Patricia Pack Up 11443 Eliza Doolittle Padjakero 7745 Jojit Pelaez Paepek Epek 7628 Joey De Leon Pag Nag-Iisa 7746 Philip Kolin Pag Nananalo Ang Ginebra,Gary Granada Pag Tumatagal Lalong,Filipino,
8148,Pag-Alis 8849 Barbie Almabis Pagbabalik 11243 Lolita Cabron Pagbabalik Ng Kwago 9031 Kapatid Pagbigyan Ang Puso 9085 Karylle & Jerome Pagbigyan Mo 8608 Big 3 Sullivans Pagbigyang Muli 7889 Eric Santos Pagdating Ng Panahon 5513 Aiza Seguerra Paghahandog 8482 Praise Song Paghigugma 8740 Visayan Song Pag-Ibig 11777 Yeng Constantino Pag-Ibig 8781 Apo Hiking Society Pag-Ibig Ko Sana'y Mapansin,Faith Cuneta Pag-Ibig Ko Sayo'y,Filipino,
8160,Palagot Sa Kontra 8805 (Phylum)Bis- Rock Palayain Mo Ako 5465 Yamani Paligaw-Ligaw Tingin 6494 Ashley Imler Paloma Blanca 2692 George Baker Pambihira 9086 Francis M. Pamela Wan 7564 Vhong Navarro Paminsan-Minsan 1081 Raymond Lauchengco Pamulinawen 1271 Ilocano Folk Song Panaginip 11605 Noel Cabangon Panaginip 8518 Crazy As Pinoys Panahon 6306 Juan Dela Cruz Panahon Na Naman 5696 Rivermaya Panalangin 1048 Apo Hiking Society Panalangin 8506 Moonstar 88 Panalangin Sa Paglilingkod,Keynotes Chorale Pananagutan 11029 Bugoy,Filipino,
0941,Pangarap Ka 6822 Geneva Cruz Pangarap Ka 8256 Karel Marquez Pangarap Ko Ang Ibigin Ka0 6604 Regine Velasquez Pangarap Lang Kita 11520 Parokya Ni Edgar Ft Pangarap Na Bituin 11244 Sharon Cuneta Pangarap Na Bituin 6605 Regine Velasquez Panggaon Ko Ikaw 6141 Visayan Song Pangutana 8742 Visayan Song Pano Kaya 0143 Jessa Zaragosa Pa'no Kaya 9718 Ella Mae Saison Panumpa 8743 Visayan Song Panunumpa 6606 Carol Banawa Papa 2661 Paul Anka Papa Cologne 8443 Parokya Ni Edgar Papa Don't Preach 3569 Madonna Papa Ka Ba 6953 Dj Alvaro Paparazzi 44853 Lady Gaga Papa's Got A Brand New Bag,James Brown Paper Back Writer,Filipino,
9409,Pearly Shells 1391 Various Artists Peg 3570 Steely Dan Peggy Sue 4690 Buddy Holly Pekeng Dalaga 5735 Porkchop Peksman 6000 Siakol Peng Yu 9259 Kim Chiu Ft. Mymp Penge Naman Ako Niyan,Itcyworms,Filipino,
7582,Postcards From Heaven 5314 Lighthouse Family Pothograph 1112 Ariel Rivera Power Of Love 6314 Huey Lewis Power Of The Dream 9881 Toni Gonzaga Power Of Two 7413 Aiza Seguerra Praise You Father 4703 Gospel Praning 9401 Sino Sikat Pray 11477 Justine Bieber Praying For Time 4234 George Michael Presence Of The Lord 3235 Eric Clapton Pretend That I Don't Love You,Cookie Chua,English,
4352,Qing Fei Di Yi 6544 F4 Quando Quando Quando 1636 Engelbert Humperdinck Quando Quando Quando 8287 Michael Buble' And Queen Of Hollywood 5515 The Corrs Queen Of My Heart 6707 Westlife Question Of Faith 7460 Lighthouse Family Questions 11690 Bamboo Quit Playing Games With My Heart,Backstreet Boys Quizas 6449 Oswaldo,Filipino,
2616,Rain 0096 Donna Cruz Rain 8598 Jose Feliciano Rain And Tears 2617 Aphrodite’s Child Rain On Your Parade 44776 Duffy Rain Over Me 11819 Pitbull Ft. Marc Rainbow 7707 South Border Rainbow Colored Skies 9505 Freestyle Rainbow Connection 0779 Dana Vallery Raindrops Keep Falling On My Head,Bj Thomas,Filipino,
3593,"Right Here 1604 S.W.V. Right Here Waiting 2677 Richard Marx Right Here, Right Now 9523 High School Musical 3 Right Now Na Na 9648 Akon Right Round 44797 Flo Rida & Keisha Right There 11822 Nicole Sherzinger ft Right Thurr 44346 Chingy Right Time 3594 The Corrs Rikki Don't Loose That Number",Steely Dan,Filipino,
0601,Rock Me My Baby 4716 Buddy Holly Rock 'N Me 4715 Steve Miller Rock N Rolling 9506 Willie Revillame Rock Show 4717 Paul Mccartney Rock Steady 8569 All Saints Rock That Body 11336 Black Eyed Peas Rock The Boat 4718 Hues Corporation Rock With You 0683 Michael Jackson Rock Your Body 44131 Justin Timberlake Rocket Man 3596 Elton John Rocketeer 11513 Far East Movement Rockin' Around The Christmas Tree,Christmas Song Rockstar 9987 Nickelback,English,
1456,"Roxanne 0001 Police Rubber Duckie 0780 Ernie Ruby 9931 Kaiser Chiefs Ruby Tuesday 6326 Rolling Stones Ruby, Don't Take Your 3602 Elvis Prestley Rude Boy 11548 Rihanna Rudolph The Red Nose Raindeer",Various Rule No. 1 (Wag,English,
8750,Sa Sulyap Mo 6830 Ric Manrique Sa Tamang Panahon 7127 Rommel G. Sa Tuwina 7752 Sheila Mae Sa Ugoy Ng Duyan 5641 Jeremiah Sa Una Ug Karon 8751 Visayan Song Sa Unang Pagtan- Aw Kog Sine,Max Surban Sa Wakas (Tuesday,Filipino,
9885,Sa Yahweh Ang Sayaw 9628 Gary Valenciano Sa 'Yo Lamang 6009 Joey Albert Sa 'Yo Lang(Paint My Love),Renz Verano,Filipino,
7754,Sabi Mo Ako Lamang 5737 Men Oppose Sabi Mo Sa Akin Binata Ka 9883 Mae Rivera Sabi Na Nga Ba 6613 Tootsie Guevarra Sabi Ng Kanta 7663 Aiza Sabi Ng Puso Ko 5206 April Boy Sabihin 8854 Zelle Sabihin Man Nilang Baliw Ako,Laarni Mendoza Sabihin Mo Na,Filipino,
0054,Sacrifice 8288 Tatu Sad But True 7938 Metallica Sad Movies 2676 Lennon Sisters Saging Ug Kapayas Ni Lola 8754 Visayan Song Sagot Kita 9296 6 Cycle Mind Sagutin Mo Na Ko 7755 Willie Revillame Said I Love You But I Lied,Michael Bolton Sailing 11654 Christopher,Filipino,
1087,Same Old Brand New 6848 A1 Sampaguita 1086 Traditonal San Francisco 2620 Gleen Camble Sana 5207 Ibang Bersyon Sana 6007 Kuh Ledesma Sana 6614 Ogie Alcasid Sana 8484 Shamrock Sana 8562 Gagong Rapper Sana 9297 La Famille Dembele Sana Ay Ikaw Na Nga 1168 Zsa Zsa Padilla Sana Ay Ikaw Na Nga 3244 Basil Valdez Sana Ay Mahalin Mo Rin Ako,April Boy,Filipino,
6504,Sana Ay Malaman Mo 0586 Ric Segreto Sana Ay Nandito Ka 6683 Regine Velasquez Sana Bukas Mahal Mo Na Ako,Ogie Alcasid Sana Dalawa Ang,Filipino,
5849,Sana'y Ako Na Lang 11766 Six Part Invention Sana'y Bigyan Mo Ng Pansin,Mystica,Filipino,
0955,Sana'y Wala Nang Wakas 1606 Sharon Cuneta Sanctuary 8908 Callalily Sandalan 8355 6 Cycle Minds Sandali Na Lang 9789 Hale Sandata 11539 Shamrock Sandman 4238 America Sandy 5320 Carpenters Santa Claus Is Coming To Town,Christmas Song Santa Fe 0527,Filipino,
3609,"Sentimental Journey 4735 Doris Day Sentimental Lady 6450 Bob Welch Separate Lives 8307 Phil Collins And Cindy Separate Ways 8419 Journey September 3245 Eart, Wind & Fire September Morn' 0663 Neil Diamond September Song 6331 Kurt Weil Sergeant Pepper's Lonely Hearts Club Band",Beatles,English,
6452,She Ain't You 11828 Chris Brown She Bangs 5519 Ricky Martin She Believes In Me 6010 Kenny Rogers She Bop 0911 Cyndi Lauper She Called Me Baby 2984 Charlie Rich She Could Be 8489 Christian Bautista She Loves You 3612 The Beatles She Makes Me Feel Brand New,Matthew Fisher She Said 11355,Filipino,
6332,She Says 11327 Howie Day She Will Be Loved 7895 Maroon 5 She Wolf 44870 Shakira She Works So Hard For The Money,Donna Summer Shembot 11410 Eat,English,
3615,Shine 0726 Collective Soul Shine 8132 Regine Velasquez Shine 9958 Take That Shine A Light 11462 McFly ft Taio Cruz Shining Star 4242 Ewf Shiny Happy People 9947 R.E.M. Ships 3247 Barry Manilow Shiver 8157 Natalie Imbruglia Shooting Star 7229 F4 (Yellow) Short Skirt Long Jacket 44483 Cake Should I Stay Or Should I Go,The Clash,Filipino,
3619,Sinaktan Mo Ang Puso Ko 0314 Michael V. Sinasamba Kita 0502 Rey Valera Sinayang Mo 3249 Bing Rodrigo Since I Don't Have You 1337 Gun 'N Roses Since I've Been Loving You,Led Zeppelin,Filipino,
5322,Since You've Been Gone 8308 Kelly Clarkson Sincerely 9094 Victor Wood Sing 2621 The Carpenters Sing A Song 3250 Earth Wind And Fire Sing Me Your Song Again Daddy,Jose Mari Chan Singin' In,Filipino,
6384,Sleep 9402 Rivermaya Sleeping Child 1611 Mltr Sleeping In My Car 4745 Roxette Sleeping With You 11715 Firehouse Sleigh Ride 3622 Various Artist Slipping Through My Fingers,Abba,Filipino,
0519,Soledad 5857 Westlife Solitaire 2994 Carpenters Solitary Man 0212 Neil Diamond Solo 11591 Iyaz Some Are Diamonds 3627 John Denver Some Good Things Never Last,Barry Manilow Some Guys Have,English,
0257,Somebody To Love 11189 Justin Bieber Ft Usher Somebody Told Me 8309 The Killers Someday 0774 Mariah Carey Someday 5467 Sugar Ray Someday 8371 Michael Learns To Rock Someday 8592 Nina Someday 9217 Barbie Almalbis Someday We'll Know 6517 Mandy Moore Somekind Of Friend 1038 Barry Manilow Someone Like You 11682 Adele Someone That I Used To Love,Natalie Cole,English,
5075,Someone's Always Saying Goodbye,Alyona,English,
4243,Someone's Waiting.. 1418 The Rescuers Something 2626 The Beatles Something About The.. 4747 Elton John Something About You 0725 Level 42 Something 'Bout Love 11463 David Archuleta Something Got Me Started 0754 Simply Red Something In The Way She Moves,James Taylor,English,
0472,Something In Your Eyes 9644 Claire Dela Fuente & Something Right 1670 Mltr Something Stupid 44107 Frank Sinatra Something To Say 0587 Harem Scarem Something To Talk About 44342 Bonnie Raitt Sometimes 4287 Britney Spears Sometimes A Fantasy 8400 Billy Joel Sometimes Love Just Ain't Enough,Patty Smith Sometimes When We,English,
8123,Sometimes You Can Make It..,U2,English,
2719,Song Title 3315 Rolling Stones Sooner Or Later 2872 The Grass Roots Sooper Baby Luv 6956 Sooper Babes Sorry 11274 Buckcherry Sorry 5648 Aiza Seguerra Sorry 8254 Cueshe' Sorry 8289 Madonna Sorry Na 6814 Parokya Ni Edgar Sorry Na Lang 7588 Aubrey Miles Sorry Na Puwede Ba 1183 Sharon Cuneta Sorry Seems To Be The Hardest Word,Elton John,Filipino,
7795,Sorry Seems To Be The Hardest Word,Blue Feat. Elton John Sorry,English,
0164,Spinning Around 6016 Kylie Minogue Spinning Wheel 3632 Blood Sweat Splendor And Majesty 8036 Don Moen Spoliarium 11245 Imago Spoliarium 3257 Eraseheads Spooky 4752 Classics IV,Aphrodite's Child St. Elmos Fire,Filipino,
0575,Stand By Your Man 2630 Tammy Wynette Stand Up For Love 11365 Destiny's Child Standing At The Edge Of The Earth 9890 Blessed Union Of Standing Right Next To Me,Celine Dion,English,
6349,Still Loving You 0915 Scorpions Stoned 11797 Wiz Khalifa Stoney End 4757 Barbara Streisand Stonger (What Doesn't Kill You) 11739 Kelly Clarkson Stop 4278 Spice Girls Stop 6348 Erasure Stop And Stare 9435 One Republic Stop Stop Stop 6350 The Hollies Stop! In The Name Of Love,Supremes,English,
5468,Strangers Again 1698 Cinema Strangers In The Night 2631 Frank Sinatra Strawberry Fields Forever 3006 The Beatles Strong 7136 Robbie Williams Strong Enough 0172 Sherril Crow Stronger 6390 Britney Spears Stronger Woman 44609 Jewel Stuck In A Moment You Can't Get Out Of,U2,English,
2847,Takaw Tingin 9539 Iya Villania Take A Bow 0758 Madonna Take A Bow 9354 Rihanna Take A Chance 0261 Abba Take A Look Inside My Heart 11796 David Benoit Take Good Care Of Her 6018 Victor Wood Take Good Care Of My Baby,Bobby Vee,English,
0403,Take It Away 4773 Paul Mccartney Take It On The Run 3650 Reo Speedwagon Take It Or Leave It 9300 Yasmien Kurdi Take It To The Limit 1527 Eagles Take Me Away 11744 Lifehouse Take Me Home 6954 Sophie Bextor Take Me Home Country Roads,John Denver,English,
3651,Take My Breath Away 7698 Emma Bunton Take My Hand 8553 Callalily Take On Me 0359 A-Ha Take The Long Way Home 3305 Supertramp Take The Money And Run 4775 Steve Miller Take The Train 0990 Billy Strayhorn Take This Job And Shove It,Jane Halley,Filipino,
44616,Tears 8498 X-Japan Tears In Heaven 2640 Eric Clapton Tears Of A Clown 4779 Smokey Robinson Tears On My Pillow 0759 The Imperials Teddy Bear 0453 Elvis Presley Teddy Picker 44812 Arctic Monkeys Teenage Dirtbag 7948 Wheateus Teenage Dream 11452 Katy Perry,Alicia Keys,English,
0070,That's The Way I Like It 3657 Kc And The... That's The Way It Is 6149 Celine Dion That's The Way Love Goes 0654 Janet Jackson That's What Friends Are For,Dionne Warwick That's What You,English,
7520,The Cheap Seats 7950 Alabama The Cheeky Song 6628 Cheeky Girls The Christmas Song 1441 Christmas Song The Climb 44834 Miley Cirus The Closer I Get To You 0798 R. Flack The Color Of The Night 5864 Lauren Christy The Colour Of My Love 4789 The Day We Caught The Train,Ocean Colour The Day You,English,
3392,The Devil Went Down To Georgia,Charlie Daniels Band The Diary,English,
0162,"The Distance 11714 Evan And Jaron The Distance Between Us 6190 Fra Lippo Lippi The Earth, Sun, Rain 7521 Color Me Badd The End 2624 Earl Grant The Fear 44789 Lily Allen The Fight Is Over 9442 Urbandub The Final Countdown 44103 Europe The First Noel 0018 Christmas Song The First Time Ever I Saw Your Face",Roberta Flack The First Time,Filipino,
2572,"The Game Of Love 44163 Michelle Branch Ft The Gang That Sang ""Hear 4791 The Ghost Of You 7463 Michael Learns To The Gift 5215 Jim Brickman The Gift Of Love 0558 Bette Midler The Girl Is Mine 3439 Michael Jackson The Great Escape 11232 Boys Like Girls The Great Pretender 4792 The Platters The Greatest Day 9613 Kitchie Nadal feat Barbie The Greatest Love Affair 7844 Martin Nievera The Greatest Love Of All 3026 Whitney Houston The Green Green Grass Of Home",Tom Jones,Filipino,
2733,The Green Leaves Of Summer,Brothers Four The Headline News,English,
0934,The Heart Of Rock And Roll,Huey Lewis,English,
4794,The Last Day Of My Life 11278 Phil Vassar The Last Goodbye 11640 David Cook The Last Leaf 1371 The Cascades The Last Of American Girls 11157 Greenday The Last Resort 6239 Eagles The Last Supper 3494 Jesus Christ Superstar The Last Thing On My Mind,Venga Boys,English,
2951,The Letter 0840 Box Tops The Lion Sleeps Tonight 3516 The Token The Little Things 44691 Colbie Caillat The Locomotion 2706 Little Eva The Logical Song 0761 Supertramp The Long And Winding Road,The Beatles,English,
3662,The Love She Found In Me 5279 Michael Johnson The Love You Save 3269 F. Peren The Love You Want 7523 The Loving Kind 44777 Girls Aloud The Man I Was With You 11808 Jimmy Bondoc The Man Who Can't Be Moved 11774 The Script The Man Who Sold The World,Nirvana,English,
4124,The Midnight Special 0836 CCR The Minute Your Gone 0260 Harry Ventura The Moment Of Truth 1506 Survivor The More Boys I Meet 44858 Carrie Underwood The More We Get Together,Alice Hooksen The More You,English,
1594,The More You Live The More You Love,Flock Of Seagulls The Most,English,
6285,The Music Played 1637 Matt Monroe The Name Of The Game 4246 Abba The Nearness Of You 1638 Sheena Easton The Next Best Superstar 8223 Mel C. The Next Time I Fall 0694 Eter Cetera The Night Before 3557 The Beatles The Night Has A Thousand Eyes,Gary Lewis,English,
9404,The Old Songs 5325 David Pomeranz The One 3663 Elton John The One 44729 Kylie Minogue The One I Love 5326 Mike Mcklellan The One I Love 8372 Rem The One That Got Away 11738 Katy Perry The One That You Love 11685 Air Supply The One That You Love 4801 Graham Russell The One Who Won My Heart,Christian Bautista The One You,Filipino,
4810,The Thin Ice 3671 Pink Floyd The Things We Never Did 6800 A1 The Tide Is High 6627 Atomic Kitten The Tide Is High 7526 Blodie The Time (Dirty Bit) 11464 Black Eyed Peas The Turn Of A Friendly Card,Alan Persons Project The Twelve,English,
4817,The World Is Not Enough 44367 Garbage The Year Of The Cat 3722 Al Steward The Yes Yes Show 7411 Parokya Ni Edgar The Young Ones 2782 Cliff Richard The Zephyr Song 7674 Red Hot Chili Peppers Theme For A Dream 1632 Cliff Richard Theme From New York New Yorkf,Frank Sinatra,Filipino,
4822,There Goes My Baby 4820 There Goes My Everything 0700 Engelbert Humperdinck There Is A Mountain 4821 Donovan Leitch There Must Be An Angel 7018 Eurythmics There Must Be An Angels 3664 Eurythmics There She Goes 4320 Sixpence None The There Will Never Be Another,Andy Williams There You Go,English,
3390,There You'll Be 9583 Nina There'll Be Sad Songs 4823 There's A Kind Of Hush 3013 Herman's Hermit There's A Reason 5052 Cascades There's Always Something There To Remind Me 44512 Lou Johnson There's Your Trouble 6629 Dixie Chicks These Are The Days Of Our Lives,Queen These Boots Are Made,English,
6318,These Dreams 1696 Heart These Eyes 4824 Guess Who These Hard Times 11275 Matchbox Twenty They Call The Wind Mariah,Kingston Trio,English,
7527,"Thinking Of You 11063 Katy Perry This Ain't A Love Song 6899 Bon Jovi This Aint A Scene, Its An Arms Race 11288 Fall Out Boy This Boy 6353 The Beatles This Could Be The Night 4828 Paul Dean This Girl Has Turned Into A Woman",MARY Macgregor This Guy's In,English,
7528,This Land Is Your Land 44444 Traditional This Little Bird 0361 Marianne Faithfull This Love 7857 Maroon 5 This Masquerade 2639 Leon Russell This Old Man 0524 Traditional This One's For You 4248 Barry Manilow This Time 5865 Freestyle This Time I Know Is Forever,Howard Houston This Time I'll,Filipino,
5803,This Time It's Forever 0693 Errol Brown This Used To Be My Playground,Madonna,English,
8876,Three Coins In A Fountain 7919 Frank Sinatra Three Lions (Football's Coming Home) 9934 Lightning Seeds Three Little Birds 3275 Bob Marley Three Little Pigs 4831 Traditional Three Ring Circus 6801 Blue Magic Three Times A Lady 0379 Lionel Richie Thriller 7048 Michael Jackson Through It All 5384 Andre Crouch Through The Barricades,Spandau Ballet Through The Rain,English,
0007,Thy Word 5761 A.Smith Ti Ayat Ti'maysa 1266 Ilocano Folk Song Ti Li Shi Chyen 6631 F4 Tibok Ng Puso 5746 Willie Garte Ticket To Ride 3659 The Beatles Ticks 11301 Brad Paisley Tie A Yellow Ribbon Round The Old Oak Tree,Tony Orlando Tien Mee Mee,Filipino,
7019,Till I Loved You 6856 Barbara Streisand Till I Met You 1679 Joey Albert Till My Heartaches End 0746 Ella Mae Saison Till The World Ends 11562 Britney Spears Till There Was You 6632 Piolo Pascual Till There Was You (Live) 7055 The Beatles Till There Was You(Unplugged),Piolo Pascual Till They Take,English,
5216,Time Warp 3674 Artist Time Will Reveal 7094 El Debarge Times Of Your Life 0960 Paul Anka Tindahan Ni Aling Nena 8934 Eraserheads Tingin 1215 Timmy Cruz Tingnan Mo Ang Ginawa Mo,Fourmula,Filipino,
6505,Tingnan Mo Naman Ako 5747 Jolina Magdangal Tinig 9218 Join The Club Tinig Ko'y Pakinggan Mo,Idan Cortez,Filipino,
2744,Titser's Enemy No. 1 11789 Juan Dela Cruz Band To All The Girls I've Loved Before,Julio Iglesias,English,
3279,To Be With You 1682 Mr. Big To Know You Is To Love You,Bobby Vinton,English,
0568,Too Late Too Soon 6636 John Secada Too Many Walls 4333 Cathy Dennis Too Much 1683 Elvis Presley Too Much 4356 Spice Girls Too Much Heaven 2743 Bee Gees Too Much Love Will Kill You,Brian May,English,
1414,Tsaka Na Lang 8090 Parokya Ni Edgar T-Shirt 44855 Shontelle Tsobols-25 9388 Greenpeace Tug Of War 4843 Paul Mccartney Tugon Sa King Dasal 1794 Lyod Umali Tukso 11246 Eva Eugenio Tulak Ng Bibig 8622 Julianne Tulak Ng Bibig Kabig Ng Dibdib,"Jolina Magdangal Tulak Ng Bibig,",Filipino,
8508,Tuyo Nang Damdamin 8907 Silent Sanctuary Twelfth Of Century 6362 Johnny Mathis Twenty-One 3676 Cranberries Twice Broken 9727 Jessa Zaragoza Twilight Time 1415 A. Dunu/ The Platters Twin Hearts 8338 Sarah Geronimo Twinkle Little Star 1416 Various Twist And Shout 4145 The Beatles Twist Of Fate 4845 Stephen A. Kipner Two Is Better Than One 11152 Boys Like Girls Ft Two Less Lonely People In The World,Air Supply,Filipino,
3678,Two Out Of Three Ain't Bad,Meatloaf,English,
8773,Volare 4858 Domenico Modugno Voltes 5 (Japanese) 5668 Voltes5 Voltes 5 (Tagalog) 5669 Voltes5 Voulez Vous 4154 Abba Vulnerable 6369 Roxette W Wa Mo Ba Ang Diay Hisabti,Visayan Song Wag Ka Lang,Filipino,
3151,Wag Ka Nang Lalayo 7441 Aiza Seguerra Wag Ka Ng Umiyak 8905 Sugarfree Wag Kang Magtatanong 11027 Yeng Constantino Wag Kang Malungkot Kaibigan,April Boy Regino Wag Kang,Filipino,
8888,Wag Mo Na Sana 5220 Parokya Ni Edgar Wag Mo Na Sanang Isipin 6034 Gary Valenciano Wag Mong Iwan Ang Aking Puso,Yeng Constantino Wag Mong Pigilin,Filipino,
4155,Wait For Me 4946 J Brothers Wait For You 9806 Kyla Wait Forever 8451 Gary Valenciano Wait Till You See 1669 Neil Sedaka Waiter 11407 Eevee Waitin' 9313 Lala Waiting For A Girl Like You,Foreigner,Filipino,
8842,Waiting For The End 11370 Linkin' Park Waiting For Tonight 4349 Jennifer Lopez Waiting For You 4156 Roselle Nava Waiting For Your Love 9287 Stevie B. Waiting In Vain 5221 Bob Marley Waiting In Vain 8382 Bamboo Waiting On The World To Change,John Mayer Waiting Outside The,Filipino,
8300,Wakas 0296 Kuh Ledesma Wake Me Up Before You Go-Go 11430 Wham Wake Me Up When September Ends,Greenday,English,
9729,Walang Kadala-Dala 8860 Janno Gibbs Walang Kadala-Dala 8889 Sandwich Walang Kaliwaan 0297 Christy Mendoza Walang Kapalit 0484 Rey Valera Walang Kapantay 1280 Carmen Soriano Walang Kasing Tamis 5869 Mike Hanopol Walang Misteryo 8940 Imago Walang Natira 11482 Gloc 9 ft Sheng Walang Pangarap Kundi Siya,Zsa Zsa Zaturnah Walang Sabit,Filipino,
8575,Walang Yaman’g (Mas Hihigit Sayo),Cueshe,Filipino,
6905,Walk Of Life 0846 Dire Straits Walk On By 3686 Dionne Warwick Walk Right Back 0256 Everly Brothers Walk Through This World With Me,Engelbert Humperdinck Walkin' The Dog,English,
5331,Wanted 4164 Dolleys Wanted Dead Or Alive 0833 Bon Jovi War Of My Life 11435 John Mayer Warior Is A Child 5921 Gary Valenciano Warpigs 8220 Black Sabbath Warwick Avenue 44692 Duffy Was I Dreamin' 1419 The Cascades Was It Something I Didn't Say,98 Degrees,Filipino,
3696,We Like To Party 4307 Venga Boys We May Never Love Like.. 8111 Maureen Mcgovern We R Who We R 11388 Kesha We Taking Over 11300 Dj Khaled We Three Kings 3691 Christmas Song We Weren't Born To Follow 11018 Bon Jovi We Will Rock You 3597 Queen We Wish You A Merry Christmas,Traditional,Filipino,
8218,We'll Share These Moments 7021 Bill Batstone Well Well Well 11504 Duffy Wer Na U? 11461 Ara Muna We're All Alone 2738 Boz & Scaggs We're All In This Together 44573 High School Musical We're Going To Ibiza 4864 Venga Boys Were In This Love Together,Al Jarreau,English,
3716,What I've Done 9351 Linkin Park What Kind Of Fool.. 4872 Rick Springfield What Makes A Man 5483 Westlife What Makes You Beautiful 15026 One Direction What Matters Most 3290 Kenny Rankin What Now My Love 1624 Shirley Bassey What The Hell 11567 Avril Lavigne What The World Needs Now,Burt Bacharach What Time Is,English,
4252,What If 11373 Kate Winslet What If 7900 Nina What If 8092 Baby Face What I'm Living For 5283 Eddie Peregrina What Is It 44631 Baby Bash Feat. Sean What Is Love 4871 Haddaway What Is This Thing Called Love,Frank Sinatra,English,
7953,What It Feels Like For A Girl,Madonna,English,
5385,What You Won't Do For Love,Babby Caldwell Whataya Want From,English,
2746,What's Up 0532 4 Non Blondes What's Your Flava 44075 Craig David What's Your Poison 11412 Chicosci Wheel Of Fortune 3699 Ace Of Base Wheels 11166 Foo Fighters When 4875 Shania Twain When A Man Loves A Woman,Percy Sledge,English,
0769,Whatever We Imagine 7954 James Ingram What's Going On 1536 Marvin Gaye What's Love Got To Do With It,Tina Turner,English,
0751,"When I'm Gone 11317 Eminem When I'm Gone 44871 Simple Plan When Irish Eyes Are.. 4879 Traditional When It Rains 9651 Paramoe When It Rains, It Really Pours",Elvis Presley,English,
8599,When It's Over 44532 Sugar Ray When Love And Hate Collide,Def Lepard,English,
1444,When Love Is Gone 9107 Martin Nievera When Love Takes Over 44885 David Guetta feat. Kelly When She Cries 8605 Restless Heart When The Children Cry 3380 White Lion When The Girl 0695 Cliff Richardson When The Saints Go Marching,Louis Armstrong When The Smoke,Filipino,
7023,When We Were Young 11072 The Killers When We Were Young 9329 Dolores O'riordan When Will I Be Loved 6370 Everly Brothers When Will I See You.. 2740 The Three Degrees When Will You Say I Love You,Billy Flurry,English,
7025,When You Believe 6646 Mariah Carey When You Look At Me 7352 Christina Millian When You Look Me In The Eyes 44643 Jonas Brothers When You Say Nothing At All,Ronan Keating When You Smile,English,
3316,When You Wish Upon A Star,Pinochio,English,
6647,When You're Gone 8780 Avril Lavign When You're In Love With Another Woman..,Dr. Hook,English,
6507,When You're Looking Like That,Westlife,English,
0274,Whenever I Call You Friend,Kenny Loggins Whenever I Call,English,
3530,Where Are You Now 11123 Honor Society Where Are You Now 1663 Jimmy Harnen Where Are You Now 5475 Nazareth Where Did Our Love Go 44271 Diana Ross Where Do Broken Hearts Go 44322 Whitney Houston Where Do I Begin (Love Story Theme),Shirley Bassey Where Do We,English,
3291,Where Have You Been 15034 Rihanna Where He Leads Me 7026 Jamie Rivera Where I'm From 11304 Jason Michael Where Is Love 8861 Nina Where Is The Love 7095 Black Eyed Peas Where Is Your Heart Tonight 11234 Jordan Knight Where Love Has Gone 6650 Isay Alvarez Where The Boys Are 7098 Connie Francis Where The Streets Have No Name,U2,English,
6037,Where You Lead 4884 Toni Stern Where's The Good In Goodbye,Sharon Cuneta Wherever I Go,Filipino,
3702,Wherever You Will Go 6651 The Calling While My Guitar Gently Weeps,The Beatles,English,
8524,Who Do You Think You Are,Spice Girls,English,
2895,Wild World 5383 Mr. Big Will Ever 5224 Side A Will I Survive 1537 Introvoys Will Of The Wind 0965 Jim Photoglo Will You Be There 1422 Michael Jackson Will You Ever Learn 9298 Typecast Will You Still Love Me Tomorrow,Carole King,Filipino,
3720,Would'nt It Be Nice 3294 Beacj Boys Wow 44624 Kylie Minogue Wowowee 8241 Lito Camo Wrapped Around Your Finger,Police,English,
0369,Yeah 3x 11565 Chris Brown Yellow 6657 Coldplay Yellow Brick Road 3723 Elton John Yellow Submarine 4181 The Beatles Yes We Can Can 4182 The Pointer Sisters Yester Me Yester You Yester Day,Stevie Wonder Yesterday 2648 The,English,
5477,You And I 11608 Lady Gaga You And I 11778 Kenny Rogers Feat. You And I 6804 Rico Puco You And Me 4898 Alice Cooper You And Me 8471 Lifehouse You And Me 9108 Rachelle And Christian You And Me Against The World,Helen Reddy,English,
5284,You Can't Hurry Love 5387 Diana Ross You Changed My Life In A Moment,Angela Bofill,English,
0149,You Changed My Life In A Moment 9655 Sarah Geronimo You Da One 11831 Rihanna You Decorated My Life 4900 Debbie Hupp You Do 9632 Agot Isidro You Don't Have To Say You Love Me,Vic Damone,Filipino,
0491,You Don't Know 11403 Regine Velasquez You Don't Know Her Like I Do 11826 Brantley Gilbert You Don't Know Me 0078 Ray Charles You Don't Know Me 7034 Floyd Cramer You Don't Love Me Anymore,Weir Al,Filipino,
0745,You Got The Music In Me 44572 High School Musical You Gotta Be 4901 You Learn 6690 Alanis Morissette You Light Up My Life 2644 Debbie Boone You Lost Me 11198 Christina Aguilera You Made Me Live Again 1119 Janet Basco You Made Me Love You 4902 Patti Page You Make It Hard 0490 Kalapana You Make Me Feel 11003 Kyla You Make Me Feel Brand New,Stylistics,English,
4903,You Make Me Feel Like A Natural..,Carole King,English,
3727,You Make Me Feel Like Dancing,Leo Slayer,English,
6910,You Make Me Feel So Young,Frank Sinatra,English,
2635,You Make Me Sick 6692 Pink You Make Me 9733 Carol Banawa You May Be Right 7036 Billy Joel You Mean Everything To Me,Neil Sedaka,English,
6478,You Needed Me 2618 Anne Murray You Needed Me 4318 Boyzone You On My Mind 0962 Swing Out Sisters You Only Get What You Give 4905 You Oughta Know 5411 Alanis Morissette You Raise Me Up 7647 Josh Groban You Really Got A Hold A Hold On Me,The Beatles,English,
7038,You Really Got Me 3587 The Nicks You Rock My World 6911 Michael Jackson You Sang To Me 6770 Marc Anthony You Sat Down 7037 You Should Be Dancing 6044 Bee Gees You Should Know By Now,Angela Bofill,English,
0236,You'd Be So Nice To Come 0235 Frank Sinatra You'll Always Find Your Way Back Home 44854 Miley Cyrus You'll Be In My Heart 5479 Phil Collins You'll Be Safe Here 8139 Rivermaya You'll Never Find Another Love Like Mine,Lou Rawls,Filipino,
5433,You're A God 5550 Vertical Horizon You're A Woman 5388 Bad Boy Blue You're All I Need 0503 White Lion You're Always On My Mind 1531 Gallery You're Beautiful 7042 J. Chisum You're Beautiful 8299 James Blunt You're Closer To Me 3296 Matt Monroe You're Going To Lose That Girl,Beatles,English,
2669,"You're In Love 5912 Wilson Philips You're My Best Friend 4907 Queen You're My Everything 2627 Santa Esmeralda You're My Everything 6047 Martin Nievera You're My Heart, You're My Soul",Modern Talking You're My Home,Filipino,
7043,You're My World 44348 Cilla Black You're My You 7593 Nyoy Volante You're Not Sorry 11156 Taylor Swift You're Sixteen 2811 Bobby Sherman You're So Hot 11183 Xlr8 You're So Square Baby I Don't Care,Elvis Presley,English,
5333,You're So Vain 6477 Carly Simon You're Still The One 4292 Shanai Twain You're Still You 7442 Josh Groban You're The Best Thing That Ever Happen To Me,Ray Price,English,
7972,You're The Best.. 0773 Skool Boys You're The Inspiration 0719 Chicago You're The One 0963 The Carpenters You're The One That I Want,Travolta & N- John Your's,English,
7904,You've Got To Hide Your Love Away,Beatles,English,
9263,You've Made Me Stronger 7694 Regine Velasquez Yue Liang Dai Biao Wo De Xin,Kim Chiu,Filipino,
7191,Youth Of The Nation 44179 Pod You've Got A Friend 2812 Carole King You've Got A Way 7045 Shania Twain You've Got It All 8509 Jetts You've Got Love 4908 Buddy Holly You've Got The Magic Touch,The Platters,English,
